word,count
nervous,1
lalo,1
nanay,1
mothers,1
explores,1
clinical,1
nutrition,1
missile,3
olenna,1
acc,1
motherfuckers,1
ranks,1
politician,3
potty,1
rachelle,1
she'll,1
steer,1
hipster,1
cigarettes,1
sweater,1
joint,1
keepers,1
pringle,1
vakilusia,1
boutta,1
paparazzi,1
sickens,1
identify,1
nacho,1
chip,1
jet,1
unfollowers,1
typically,1
shaming,1
uglass,1
replying,1
ariel,1
camacho,1
te,1
metiste,1
completamente,1
en,1
vida,1
delaney,1
julio,1
"$100,000",1
earring,1
lanier,1
diver,1
diversity,1
leaked,1
accuse,1
hiphop,1
pimlico,1
plumbers,1
scrapping,1
slushy,1
juice,1
floggers,1
clamps,1
plugs,1
offended,2
table,1
ringgit,1
best-performing,1
currencies,1
domestic,1
gained,1
8%,1
daaamn,1
jake,1
arrieta,1
remain,1
remainder,1
so...then...this,1
(swigs,1
bourbon,1
blankly,1
swea,1
mechanism,1
sn1,1
sn2,1
mop,5
anymore,7
life...friendships,1
etc...i,1
lance,1
armstrong,1
stargate,1
sg-1,1
ran,6
org,2
dec,1
8-10,1
dollar,6
mistake,1
locking,1
goons,1
ns,1
],5
monument,1
elijah,1
rational,1
cigarette,1
france,1
1920s,1
nisha,1
ts,1
ladyboys,1
supremacy,1
slavery,1
tolerance,1
kevin,1
o'leary,1
rearrange,1
horny,1
immigrant,1
wayne,1
blanket,2
lake,2
ankle,5
cheap,9
re,2
project,3
emo,2
upholding,2
wild,3
iii,2
revealed,2
gon,7
stats,4
riding,2
hospitals,7
sec,2
cybersecurity,7
explanation,5
attraction,2
animals,2
stocks,2
cum,2
smokes,2
local,4
ruining,3
anklets,5
i've,54
accused,3
leadership,6
sis,6
taught,4
exposed,2
dragon,4
process,3
shoutout,2
granted,3
discovered,3
throughout,3
convince,4
sullivan,3
committed,2
fighter,4
jump,5
pain,13
distance,2
start,32
sky,5
stares,2
hustle,5
savage,3
wh,4
handsome,4
scenes,7
noticed,2
smoking,3
regular,3
settle,3
terms,2
surely,3
tap,1
tables,1
helloooooo,1
fansite,1
muffin,1
cupcake,1
explican,1
flashearon,1
yendo,1
bloo,1
hoym,1
halo,2
fps,1
intersect,1
jerome/isabel,1
shooter,1
browner,1
garcia,1
realllll,1
*zips,1
lips*,1
inspire,1
apologetically,1
*alyssa,1
edwards,1
voice*,1
boknal,1
junaid,1
jamshid,1
bhai,1
pak,1
jannat,1
alla,1
jagha,1
dein,1
care/spoil,1
setting,1
inciting,1
intelligent,1
feghoulis,1
thruple,1
stephen,1
psalm,2
automatically,2
p500,2
chaos,2
freeze,1
"brain,heathers",1
thomas,1
sanders,1
perform,1
yeh,1
shiet,1
shout-out,2
unequal,1
incomes,1
fires,2
daggeerrr,1
woowwww,1
antibiotics,1
qu,1
wapsi,1
"gang""...burnol",1
homecoming,1
$30.8million,1
defence,1
gifs,1
drinks,3
cuts,2
askin,2
jeonghan,1
seungcheol,1
starters,1
terror,1
organizations,1
reconfirmed,1
dislocated,1
dabarkads,1
backstage,1
flops,1
language,1
differentiate,1
valiant,1
last-minute,1
locks,1
foreplay,1
navy,1
seal,1
ubl,1
astrid,1
you...people's,1
deviantartist,1
bananapistol,1
artwork,1
sadly,1
pets,1
attempts,1
nurses,1
charged,1
profession,1
lawsuit,1
computer,1
intrusions,1
cooperate,1
discovery,1
patriotism,1
equality,1
coexistence,1
irresponsible,1
governing,1
omar,1
minaya,1
shoulders,1
maverick,1
they'd,1
commissioned,1
blatant,1
guise,1
rapist,1
trafficking,1
throne,1
132,1
ofc,1
twit/nsfw,1
twit,1
ruined,2
nigerian,5
chicken,3
claiming,3
directly,4
snapped,2
korea's,2
lick,2
bone,3
excellent,2
drunk,6
uh,3
finding,2
shouted,2
total,3
dagger,4
pairs,3
bill,8
confidence,3
tha,4
baseball,3
tolerate,2
jb,2
apes,2
spacing,3
spider-man,2
colbert,2
xd,4
blast,2
finessing,3
moves,2
threat,2
scared,7
feminists,2
properly,2
zion,9
racist,8
tijuana,2
torn,2
leg,3
piece,5
coolest,5
id,6
it'll,3
sitting,2
federal,2
chat,2
killed,5
dunk,6
pals,1
earthly,1
fascinations,1
everlasting,1
endless,1
images,1
menstruation,1
flat,1
curly,1
yeah...its,1
egirl,1
naw,1
gen,1
kermit,1
storytime,1
flip,1
ondibu,1
"chocolates,u",1
gona,1
get.til,1
cubes,1
drink.......and,1
hahahahah,1
maaaan,1
plies,1
narrowly,1
avoided,1
panicattack,1
sterek,1
canon,1
sentence.....right,1
13:23,1
(nkjv,1
construction,1
s.g,1
atkins,1
cdc,1
electing,1
filled,1
principles,1
wolf,1
genetic,1
packages,1
ancestors,1
closest,1
matches/carers,1
parents.sovereignty,1
ayeeee,1
shid,1
littttttttt,1
babyeye,1
chineseguests,1
"these""americans",1
"like""kids",1
non-feed,1
watchers,1
interactions,1
houseguests,1
bow,1
ties,1
dilemma,1
ucl,1
brexit,1
conf,1
boiled,1
assert,1
getaway,1
victoria,1
h&amp;m,1
ulta,1
lotion,1
inviting,1
(messy,1
messy,2
quieter,2
tele,1
redefines,1
actress,1
@alessiacara,1
soulful,1
aon,1
hewitt,1
employer,1
seekers,1
fuckfuck+,1
soccer,1
31st,1
elect,1
10-15k,1
charles,2
minecraft,1
spongebob,2
exe,1
jozy,1
altidore,1
6th,1
omfg,4
cheering,1
required,1
building's,1
cafeteria,1
committee,1
"go,go",1
practically,1
honorary,1
vodka,1
evolve,1
theon,1
passing,2
function,2
station,5
bras,3
persons,3
terrorism,2
flags,2
relationship,20
seed,2
lords,2
we'll,3
morris,2
powerful,3
highly,2
afternoon,3
acts,3
fucking,63
depressed,5
devil,2
societies,2
person's,2
cent,2
magnificent,5
worried,7
method,2
hiding,2
union,2
suicidal,2
bond,2
singer,3
bringing,8
weren't,4
cup,8
crack,5
latino,3
lack,4
tea,3
tuned,4
dodged,2
supreme,3
intelligence,4
israel,2
brandon,2
telling,6
earn,2
god,55
iron,4
dodger,2
grow,17
moms,3
knowledge,2
unique,4
all-time,4
pat,3
taehyung,3
raised,2
voters,3
implode,2
promote,10
cryin,2
draft,6
avoid,3
(s7,1
e2,1
siempre,1
querido,1
contigo,1
desde,1
ama,1
concentration,1
child's,1
tremendous,1
gal,1
vice,1
versa,1
@dodgers,1
spiritual,1
bio,1
consistency,1
(feat,1
colbie,1
caillat,1
getachance,1
internal,1
yearend,1
bjp's,1
smear,1
carla,1
parsons,1
kindergartener,1
shapes,1
colors,4
stem,2
margs,1
kennedy,1
eleven,1
$29,1
peter,1
yhem,1
instant...whats,1
30's,1
40's,1
50's,1
foresight,1
suggest,1
ninja,1
forums,1
emailing,1
aid,1
kkb,1
kokobop's,1
7pm,4
500k,1
correct,1
founded,1
lyrics,8
op,1
dana,1
marine,1
pallbearers,1
funeral,1
loss,1
19-year-old,1
multi,1
wadi,2
ben-hirki,2
foundation,1
pluckers,1
dos,1
trunk,1
favrit,1
premident,2
lik,1
abut,1
grate,1
agin,1
belief,1
imperfections,1
over...on,1
turnover,1
undoing,1
physical,1
conditions,1
seeing/meeting,1
keen,3
foolish,1
lesser,1
extent,1
gfriend,1
tracks,1
anthem,1
populated,1
early/late,1
alleviate,1
males,1
tens,1
regimes,1
rooftops,1
gleefully,1
stresses,1
clingy,1
prepare,1
bossy,1
koda,1
punctuation,2
tempted,1
bcos,1
communications,1
pattymelt,1
movie?another,1
janey,1
eyes...and,1
12yo,1
argue,2
kindly,2
mutual,2
hoping,3
nation,9
poc,2
using,15
scouts,3
satisfied,2
((,3
trolling,2
mornings,2
sense,11
coupon,2
misleading,6
data,3
luck,3
rap,7
staff,3
min,4
machine,5
help,24
writing,9
rt/follow,2
supportive,3
giveaway,3
desire,8
adn,2
italy,3
etc,2
talked,3
yup,2
lgbtq+,2
40,2
spider,2
trap,3
bomb,3
entered,6
equating,5
losing,6
parker,2
35,3
gays,2
material,5
winners,4
close,3
recap,2
imma,4
planned,3
reveal,5
swings,2
leaving,4
trying,41
y'all,55
hv,2
coward,3
stay,26
snap,2
lucky,6
paul,4
pasta,1
fundamentals,1
knots,1
heartbroken,1
midday,1
button,3
visiting,1
bunjilaka,1
relevant,1
justin's,1
guilty,1
polled,1
"5,000",1
starkvillians,1
medians,1
starkville's,1
tongues,1
handled,1
serious,3
gross,1
gutttermouth,1
yooooh,1
purple,1
wroth,1
pencils,2
headbang,1
soft-core,1
triangular-s,1
jusko,1
mananalo,1
mindblown,1
arteza,2
compass,1
dcwhdsqihgiygcdw,1
obe,1
shitting,1
headphones,1
@turnbullmalcolm,1
invention,1
makers,1
schools,1
institutes,1
44(i,1
breached,1
(at,1
ighttt,13
heavily,14
*makes,1
typo*,1
cover,4
caption,1
giggles,1
shared,2
alt,1
mi5,1
warranty.but,1
dunt,1
xiaomi,2
motherboard,1
mfs,1
hood,2
chiiiiiiiiill,1
5:55,1
smmfh,1
rompe,1
corazones,1
yankee,1
ozuna,1
nuns,1
denouncing,1
nun,1
nsfw,1
squidward,1
nerf,1
nuke,1
laila,1
swedish,1
collapse,1
*entire,1
country's*,1
ressurects,1
decomposing,1
corpse,1
durag,1
bundles,1
possibly,1
arkit's,1
a-ha,1
(now,1
embedded,1
badly,1
miracle,1
ghana's,1
churches,1
trucks,1
sex/whatever,1
134,1
year-old,1
cutting,2
lmaaaaaooo,1
adani's,1
lapdog,1
admits,1
parliament,1
test-slash-storycon,1
quiet,1
t'up,1
whoooooole,1
jodeci,2
wake.up.and.apology,1
inflatable,1
buffet,1
cooler,1
bmth,1
b&amp;w,1
18+,1
septum,1
imran,3
kpk,1
fuhh,1
subject,2
tafseer,1
quran,2
helpful,2
stomach,4
gearing,2
wine,3
shorter,2
hero,4
buzzing,2
stuck,2
anyways,3
burger,4
da,3
jjp,2
lemme,3
topics,3
breaking,10
assumed,2
patients,3
alive,3
innovation,3
honor,3
bs,2
salad,2
"7,000",2
transgender,53
shy,3
messages,4
routine,2
lord,8
licks,2
review,3
serve,19
bottle,5
chili,2
skincare,3
pres,3
beloved,2
rock,10
leaking,3
kung,2
wtf,7
ico's,6
couch,2
talented,2
basically,2
invest,7
cheeseburger,2
waiting,15
shrek,3
could've,5
sports,5
miraculous,1
guidance,1
momo,1
aw,1
2003,1
outraged,1
criminality,1
86,1
reducing,1
acne,1
tamizha,1
goddes,1
queens,1
youngjae,1
opponents,1
divisive,1
weakened,1
fewer,1
kenyans,1
misogyny,1
pantry,1
stocked,1
mhs,1
weston,1
scholars,1
gander,1
bullying,1
scars,2
desegregating,1
*be*,1
capitalism,1
sector,1
rampant,1
mal,1
vks,1
silverware,1
metallic,1
handle,1
pd,1
hugged,1
rainy,1
hugs,2
catches,1
senators,1
tighty,1
subsidized,1
filing,1
fee,1
f69,1
ip68,1
prueba,1
agua,1
profesional,1
swiming,1
helthy,1
monitor,1
coukd,1
relly,1
signs,4
at+,1
jumper,1
inspiration,1
1.25,1
indians,1
exact,1
tons,1
2017.08,1
login,1
mp3,1
dl,1
waves,2
agreeing,1
arsenal,1
whilst,1
stadium,1
pundit,1
opposite,1
dreamt,1
prius,1
girly,2
terroristy,1
bein,1
2009,1
signed,1
zlatan,1
ibrahimovic,1
eto'o,1
46,1
ripped,1
pauleenlunasotto,2
resolution,1
ca,1
aribitration,1
sutherland,1
divulgou,1
nothing's,2
preach,1
yeehaw,1
fiends,1
kannada,1
session,1
grong,1
wrapping,1
input,1
cheekbones,1
trina,1
essence,1
provision,1
overkill,1
eqt,1
meryl,1
streep,1
katharine,1
graham,1
kidz,1
bop,1
rollin,1
science,4
definition,2
sn.oktar,2
sweetheart,2
drug,3
defeat,4
mocking,3
successful,4
crusaders,2
look,61
banner,2
jackson,2
dreaming,2
results,10
wednesday,2
balls,4
executive,2
craziest,2
formation,3
&lt;3,2
invented,2
announces,3
tickets,6
5th,2
scored,2
wallahi,2
corruption,2
ifs,2
substantive,2
realistic,2
scenarios,2
aunt,2
niggas...m-o-n-e-y,2
spots,2
pieces,4
request,3
kabisado,2
ng,2
nag-concede,2
doubt,3
nag-broadway,2
kahit,2
dapat,2
brgy,2
josh,3
para,3
models,3
mark,5
exists,2
fails,3
snacks,2
booker,2
longlist,2
develop,2
qualities,3
thru,8
ramadan,2
hug,7
confused,4
oomf,1
@lanadelrey,1
tripped,1
caution,1
irony,1
tourism,1
ireland,1
visitors,1
flock,1
emerald,1
isle,1
meetings,1
russians,1
lingers,1
75,1
hundred,1
laurentttttt,1
cabaret,1
constitution,1
palace,1
nomination,1
columnist,1
romualdez,1
philippine,1
ambassador,1
bandit,1
representation,1
invading,1
schedules,1
goinf,1
selcas,1
donuts,1
gome,1
5h's,1
c's,1
lmfao,1
secretary,1
alaska's,1
jeopardy,1
amounts,3
cooking,1
kita,4
sister's,1
blasts,1
|72,1
plaster,1
prisons,1
unlawful,1
part-privatised,1
probation,1
denied,1
purchase,1
disallowing,1
weaker,1
suarez,1
wealth....are,1
academic,1
saint,2
cpa,1
christ,1
scareface,1
transport,1
absence,1
fonder,1
pains,1
discipline,2
weighs,1
ounces,1
hundreds,1
communities,1
fantagio,1
yooyoung,1
sunbae,1
geologist,1
christina,1
perri,1
a.e,1
spices,1
proceedings,1
timelines,1
sickular,1
liberandus,1
sam,1
prides,1
lines,1
defeating,1
isis,1
tqila,1
anarchist,1
queer,1
picturing,1
unplug,2
mcdonalds,2
tbose,1
pirate,2
raid,2
awareness,2
aberdeen,1
steak,1
methinks,1
doe,1
assumption,1
sdhjvdbfks,1
hex,2
superstar,2
(video,2
titan,2
delivering,2
karma,2
obviously,2
doro,6
diva,6
dumps,1
censor,1
bitcoin,1
blockchain,1
liz,1
royal,1
pubbed,1
nirvana,1
(1991,1
angus,2
francisco,2
blocked,4
uni,2
bernice,2
tories,2
green,2
pursue,2
vending,2
75c,2
65c,2
dime,2
sweeet,2
forgive,2
hw,2
frank,3
responsibility,4
attack,5
ie,2
peace,10
mates,2
jacket,2
personal,8
selfie,3
pitches,2
unsure,3
princess,4
usually,3
um,3
crying,15
hong,2
kong,2
diego,3
san,6
wildlife,2
nxt,3
students,3
holy,3
snake,5
hunger,1
rescue,1
crap,1
ourslves,1
lookin,1
fallin,1
urfuckinself,1
caller,1
newspaper,1
beholden,1
overlords,1
usher,1
quaternary,1
q.32,1
enterprisesecurity,1
thanx,1
scholarship,1
ooohhh,1
barber,2
youtuber,1
flawlessly,1
contract,1
placement,1
solat,1
questioned,1
california,1
cake,1
disappointed,1
guard,1
chosen,1
emote,2
hopefully,2
adidas,4
primo,2
ohhhhhh,1
di,1
gyal,1
seh,2
fraid,2
rage,2
remote,1
replies,2
valuable,3
modern,2
niccaz,1
dissed,1
nicca,1
colorado,1
parties,2
talent,3
asf,2
cranky,1
inventor,1
reaching,1
appearance,1
beneath,2
his.....nucleus,1
18th,1
(finally,1
famous,5
*serious,5
inquiries,5
jquie,1
auth0,1
evp,1
pharrell,1
hu,1
28th,1
$130,1
&gt;&gt;https://t.co/c9lrow0lek,1
absentee,1
79,1
burst,1
skill,1
29th,1
1pm,1
est,1
10-man,1
5-man,1
3-man,1
$250,1
country:namibia,1
curtail,1
mueller,1
0-0,1
reopening,1
karatsu,1
castle,1
yoi,1
saga,2
sublime,1
provides,1
essential,1
sheet,1
aspiring,1
pundits,1
hotpot,1
suckerpunch,1
reporter,2
flowing,1
supernatural,1
ijn,1
glory,1
democrat,1
twelfth,1
seniority,1
sayin,1
70028472971,1
rhymes,1
reddit,1
clout,1
westbrook,1
notifications,1
iranian,1
revolution,1
mediterranean,1
1501076499,1
settled,1
ridiculous,2
24,3
shes,2
giving,13
presidential,2
seoul,2
closer,2
vibes,3
regrets,2
fade,3
department,2
riches,2
amber,2
tennis,3
crib,3
links,2
kudos,2
fi,2
obama,7
desperate,2
cherry,2
kinda,5
aesop,2
frogs,2
desired,2
fable,2
bloody,2
mvp,2
product,2
hahaha,7
williamson,2
baller,2
appears,4
dnc,3
receive,6
goin,2
humor,4
(#ask,1
dn't,1
knw,1
nt,1
thy,2
diz,1
raggedy,1
tampons,1
vag,1
guanlin,1
conclusions,1
relied,1
sfmta,1
absurdly,1
sagittarius_queen,1
transpeople,1
decent's,1
maddecentspam,1
@fikayotomori_,1
premier,1
look..all,1
sued,1
yesssssssssss,1
sanity,1
magnum,1
murmured,1
questioningly,1
aldos,1
remembered,1
108,1
sale,2
un-swaddle,1
mins,1
exhale,1
mods,1
bereft,1
737,1
emphasizes,1
dummies,1
midst,1
parks,1
wilderness,1
lodge,1
assassins,1
retriever,1
caused,1
hagfish,1
spill,1
highway,1
coating,1
spilled,1
crashing,1
bcz,1
panoti,1
towel,1
heartiest,1
pious,1
ate!!!buy,1
motte,1
payno,1
begs,1
midsummer,1
stories,1
translated,1
translators,1
screencaps,1
pisces,1
rocket,1
fuel,1
mccaffery's,1
ems'n,1
rid,1
worries,1
1peter,1
5:7,1
atmosphere,1
aau/summer,1
abcd,1
priorities,1
3/,1
misfortune,1
attained,1
shortage,1
mold,12
geo/jang,1
convicted,1
contempt,1
hidden,1
figures,1
katherine,1
token,1
partnership,1
genesis,1
5%,1
d*nald,1
tr*mp,1
passionately,2
cnet,1
mucker,1
"menggay,u",1
surprice,1
dami,1
hysteria,1
menggay,1
instructions,1
woodworking,1
carpenter,1
relevance,1
pastor,1
peaceful,2
mawarire,2
roughest,1
swollen,1
faded,1
siri,1
dominate,1
apple,1
picasso,1
revolver,1
blanks,1
dull,1
hostess,1
mmm,1
@realdonaldtrump,4
trolled,1
neighbors,1
woulda,2
curry,1
lux,1
suede,1
desert,1
starved,1
no-ones,1
o'clock,1
consti,1
interpretation,1
duty,1
kronick,1
slept,2
gandhi,3
nitish,8
slime,2
ugly,4
ar,2
hopper,2
lebron,2
trained,2
albums,3
dog,36
plays,2
tips,2
oppress,2
junction,2
rahul,3
lolol,2
3-4,2
road,3
31,3
evan,3
yasss,2
fixed,2
spells,2
vegan,4
marry,5
65,2
type,13
there's,21
separate,2
foul,2
accordance,2
liberal,2
erm,3
alliance,2
banned,9
stressed,2
cricket,5
clan,1
bagpuss,1
emily,1
koran,1
mice,1
radicalised,1
yaffle,1
beheaded,1
explains,1
influence,1
informing,1
ranting,1
unix,1
2038,1
preventive,1
actions,1
y2k,1
warnings,1
judgement,1
15.5%,1
mobile,1
users,1
shined,1
empress,1
hancock,1
bwahahah,1
choding,1
scaring,1
maknae,1
clock,1
coffeeeeee,1
downfall,1
demons,1
gd,1
surrender,1
mature,1
deals,1
nonsense,1
texted,1
tm,1
responded,1
^9,1
breasts,1
1975,1
electric,1
enlisment,1
grey's,1
anatomy,1
ditched,1
fascinating,1
gent,1
tournament,1
jc,1
categorical,1
marr,1
teased,1
ah,3
[mental,1
breakdown],1
&gt;&lt,1
unfollower,1
homeboys,1
1:26-27,1
upside-down,1
retainers,1
removes,1
restriction,1
35year,1
activities,1
dances,1
offence,1
range,1
emotion,1
pple,1
radiator,1
playland,1
bud,2
staring,1
follower,2
nervously,1
ju,1
gannot,1
flexible,1
relaunching,1
ketchup,1
miami,1
determination,1
xi,1
represent,1
kept,1
preordering,1
figma,1
amiami,1
contemptible...why,1
retweeted,1
lincolnfarish,1
(@lincolnfarish,1
camels,1
inquisitor,1
velvet's,1
charts,1
jl,1
recreational,1
childish,2
stacking,1
delayed,2
hump,2
tuning,1
surrounding,1
r*pe,1
customers,1
jelly,1
sandals,1
del,1
rey,1
clinton's,1
criminals,1
backup!battle,1
3c75acfa,1
lvl,1
90,1
stages,1
grief,1
rotisserie,1
*takes,1
breath*,1
afterman,1
(club,1
bodega,1
tie...where,1
k-9,1
actor,2
dope,2
kno,2
lana,2
tongue,2
mentally,2
attacked,2
smol,2
trump,79
woman's,2
promised,2
jail,2
fell,3
goat,3
nasty,2
lmaooooooooooooooooooo,4
sunday,5
lot,37
billboard,2
def,4
goofy,2
positions,2
sungwoon,2
shots,4
joker,3
named,6
stayed,3
job,24
physically,3
hoseok,2
abuse,3
nights,5
lay,2
friday,5
morgana,2
scrubs,2
operate,4
struggle,4
johnny,2
solid,5
til,3
immediately,2
idol,3
elective,2
fuck,109
tasered,1
mowing,1
lawns,1
melania,1
190,1
(ballad,1
hilary,1
duff,1
yani,1
gellman,1
wayy,1
sike,1
airways,1
name's,1
monda,1
oowada,1
fm,1
radical,2
emails,1
duprius,1
lrt,1
whiteish,1
latinxs,1
proclaims,1
26,1
27th,1
ada,1
upswing,1
validation,1
bri,1
hitler,1
verbatim,1
amusement,1
grab,4
goofiest,1
shuld,1
champ,1
ryt,1
solved,1
chaatukari,1
congi,1
lutyen's,1
journo,1
category,1
survive,1
horror,1
mehn,1
bonuses,1
learnt,1
manners,2
rsvpd,1
8am,1
ad,1
mod,1
forces,1
aggravated,1
bryan,1
speeches,2
roasting,1
outfits,1
hairstyles,1
prima,1
christianity,1
pork,1
zakir,1
naik,1
extraordinary,1
candle,1
lyndon,1
(1975,1
dir,1
stanley,1
kubrick,1
combatants,1
the3rd,2
genitals,1
1am,1
cavs,1
70s-early,1
colonialism,1
y-3,2
triple,2
tumblr,2
sizes,2
41-45,2
euro,2
suspects,1
collisions,1
immense,1
guilt,1
nephew,1
carrie,1
underwood,1
themed,1
commissioning,1
fetusmeme,1
uvu,1
teej,1
pipe,1
horrible,1
self-trust,1
reform,1
pa/hamas,1
incase,1
dms/inbox,1
paranoid,1
eighths,1
3.2%,1
abv,1
sour,1
condo,1
springs,1
holds,1
creepy,1
socialize,1
violet,1
spelt,1
cunt,1
photographer,1
edited,1
woah,1
diabetics,1
asthmatic,1
jews,2
formed,2
goa,2
manipur&amp;bihar,2
ages,2
enemy,2
evil,2
difficult,6
delicious,2
unhappy,2
producer,2
slave,9
craving,2
deliver,2
bet,2
louis,4
6am,2
101,2
rogaine,2
fidget,2
bestfriends,2
degrassi,2
muhammad,2
democracy,4
blessed,3
times,25
reince,3
introduction,2
fucked,10
quietly,2
deserve,17
ally,2
bjp,3
especially,8
islam,2
destroyed,2
rocks,3
discussing,2
driving,11
needy,2
scaramucci,3
shaq,2
priebus,2
leave,30
ignorant,1
swimsuit,1
jinyoung,1
(an,1
excerpt,1
siren,1
too.....aahhhhh,1
disaster,1
programme,1
avicii,1
nicky,1
romero,1
[lyrics],1
crashes,1
tape,1
arent,1
recorded,1
distorted,1
172,1
tejashwi,1
yadav,1
lessons,2
emperor,1
empire,1
satisfaction,1
papers,1
plant,1
eerything,1
restful,1
stingy,1
sponsor,1
boredoms,1
zoo,1
skittles,1
plot,1
dicky,1
consulting,1
esteemed,1
satan,1
mike,1
pence,1
events/development,1
grave,1
waitlist,1
mylife,1
rubbish,1
exhausted,1
mckie,1
furniture,1
nem,1
spree,1
while....nvm,2
oceans,1
freaking,1
week's,1
pulls,1
shade,1
sydney,1
contributions,1
conference,1
eternity,1
clauses,1
imitation,1
imposing,1
clerical,1
regime,1
(irgc,1
slushies,1
11/10c,1
cities,1
(re)visit,1
grossing,1
gooooaaaal,1
2-0,1
cobain,1
bohemian,1
betty,1
crocker,1
alejandro,1
journalism,1
shave,2
[clap],3
beware,1
snakes,1
lungs,1
duet,1
dedication,1
hosting,1
18-35,1
discriminatory,1
un-american,1
servicemembers,1
commentator,1
reporters,1
nigel,1
accuses,1
betraying,1
heroics,1
bitter,1
transgendered,3
julie,1
anne,1
bitchh,1
$600,1
bombs,1
jets,1
magical,1
@arizzo44,1
ropes,1
bases-clearing,1
cf,1
4-0,1
kimiko,1
(if,1
wc,1
remy,1
sista,1
timing,1
brotha,1
timing.smh,1
undercover,2
puppies,1
pet,1
fkin,1
swallowed,1
luv,1
mario,1
fixes,1
prayer,1
telkom,1
4g,1
smooooooking,1
creams,1
soaps,1
passionate,1
amongst,1
bridges,3
cherish,5
choke,4
hoes,2
drive,7
friend,25
solo,3
drones,2
florida,2
knuck,2
events,2
juju,2
bannon,2
score,2
legs,4
evening,5
comp,2
infatuated,3
stranger,5
stores,2
boi,2
sharing,3
[trans],2
folk,2
investigation,2
motivational,2
no.1,2
buck,3
driver,5
nyc,2
kurt,2
random,5
tyra,2
butter,3
read,31
lies,5
banks,3
steal,3
horrific,1
injuries,1
km,2
1h:50m:46s,1
heated,4
pittsburgh,1
niagara,1
fuckwits,1
pretended,1
shocked,1
calmed,1
au,1
q&amp;a,1
roommate's,1
apt,1
monday's,1
knetz,1
*attacking,1
hwang,1
luxury,1
watch*,1
tiffany,2
b*tch,1
trauma,1
sis........on,1
born....on,1
farther,1
inc,1
behaving,1
facing,1
sunset,2
(magazine,1
imagined,1
leruo,2
leerruuooo,1
condom,1
fame,1
woodlands,1
texas,1
frustration,1
confirm,1
checkout,1
buggiest,1
over-engineering,1
grabeeeee,1
dishes,1
regre,1
cultivate,1
films,1
amit,1
uncle...i,1
it....the,1
memorable,1
menu,1
restaurant,1
section,1
doggy,1
skywalker,1
prolific,1
oval,1
request...can,1
epidemic,1
(demo,1
[12,1
min],1
difficulties,1
weasel,1
skunk,1
responsible,1
tourist,1
shoots,1
respected,1
plz,1
kailash,1
narayan,1
lll,1
mcf/rbl/llj,1
ncr,1
jhs...on,1
spouse,1
buhari,1
ward,1
lfc,1
dwell,1
manmohan,1
singh,1
courtesy,1
rashtrapati,1
bhavan,1
reserve,1
gram,1
theo'taban,1
tolerated,1
21,1
judgment,1
infiltrated,1
blugh,1
ups,1
openly,1
spewing,1
poison,1
nd,1
muppet,1
noo,1
trapped,1
clutch,1
2016-2017,1
sirens,1
pickle,1
node,1
wished,1
history,16
he'd,1
71%,1
paycut,1
capricorn,1
aquarium,1
dedicate,1
9.5,1
nh,1
87,1
mukundaraya,1
arichalmunai,1
taylor's,1
harassment,1
ab*se,1
profound,1
describe,1
cycling,1
31.75,1
i&gt;&gt;&gt;&gt;&gt,1
bhakths,1
anna,1
nmw,1
hegelian,1
explicitly,1
influenced,1
whig,1
historiography,1
blogger,1
monetization,1
endures,1
mask,2
nike,2
levels,2
style,2
foxx,2
luke,2
failing,3
faced,2
forever,22
awake,3
angry,4
dave,2
it'd,2
hbd,2
performances,2
rajdeep,3
bolts,2
asian,2
calls,4
justin,17
essentially,2
sometimes,27
ceo,3
tech,2
whopping,2
ok,25
innocent,5
feat,2
step,7
single,24
ruin,3
skip,2
harass,2
corrupt,3
118:29,1
banjalo,1
stunt,1
pioneering,1
fmr,1
catching,1
and-1,1
heels,1
westworld,1
hbo,1
sci-fi,1
odds,1
attempting,1
citizen's,1
staffer,3
nyiah,1
sickle,1
disease,1
kingdom,1
jul,1
technology,3
"ethic,building",2
workforce,2
established,2
biological,1
grandmother,1
relationships,6
software,1
silicon,1
quickly,1
pansuits,1
denim,1
regina,2
pansuit*,1
commend,1
choreography,1
exaggerating,1
hammer,1
smack,1
utter,1
riddim,1
nicotine,2
morphine,1
vocals,1
ootd,1
toy,2
madame,1
topic,1
directly-elected,1
paradise,1
bonus,1
gurupa,1
fucker,3
ri,1
shafted,1
capabilities,1
people...then,1
chimeee,1
menggay!were,1
duper,1
dads,2
js,1
fool,3
brush,1
mexican,1
vamos,1
ross,2
picket,1
galaha,1
12.00,1
p.m,1
lectures,1
wut,1
replied,1
sexyy,1
delusional,1
grandmothers,1
saran,1
contacting,1
introduced,1
99%,1
mutsuki,1
touka,1
kaneki,1
reis,1
looooveeee,1
jocy,1
chibi,1
ra's,1
invitational,1
freckles,2
*gasp*,2
pwt,1
bernie,1
glassman,1
zen,1
@normanikordei,1
ugh,3
ghosted,1
prod,1
lumevel,1
yung,1
make-up,1
gah,1
cultivating,1
wannie,1
issuing,1
rimini,1
1957,1
tall,1
familiar,1
regulations,1
commander-in-chief,1
tiptoes,1
fierce,1
expression,1
negative,2
breaks,1
yelling,1
metalcore,1
c:onstant,1
forcefully,1
aft,1
britian,1
humblesmith,1
published,1
hive,1
hints,1
dressed,1
stakes,1
judges,1
barclay,1
spends,1
viagra,1
analysis,2
fourth,3
arrest,3
idc,13
performance,8
metro,2
weirdest,2
toe,2
joseph,2
seat,4
*removes,2
cops,2
leaders,2
artificial,2
lob,2
companies,3
wonderful,3
bharat,2
ratna,2
wearing,8
passion,2
unfollow,4
voted,18
bikini,2
flowers,4
hospital,5
five,3
author,2
sexy,4
dropped,3
alpaca,4
officer,5
threatened,3
lights,3
h8,3
cult,3
paper,4
"cult""*",2
robert,3
ur,72
strips,4
jt,1
huuuge,1
misconception,1
clarifying,1
(once,1
sniffing,1
doom,1
splif,1
satan's,1
sunshine,1
binds,1
dignity,1
familia,1
"honor,orgullo",1
dignidad,1
*me,1
babysitting*,1
*starts,1
crying*,1
istanbul,1
cumhuriyet,1
ahmet,1
deliberately,1
spooky,1
paranormal,1
suffers,1
depth,1
sorrow,1
dislikes,1
habits,1
technically,1
10yr,1
spirited,1
speculations,1
ghosts,1
stairs,1
booooooooomb,1
wwhaving,1
baddest,1
od_,1
laws,1
redemption,1
ample,1
submit,1
droga5,1
sprint,1
08:01am,1
republic,1
failures,1
socialism,1
e.g,1
furry,1
alt-right,1
nature,1
wires,1
(beach,1
serotonin,1
deficiency,1
rumi,1
rebellion,1
[now,1
playing],1
stephanie,1
epicmic,1
wildin,1
yolo,1
hearings,1
committees,1
mcconnell,1
refuses,1
eatting,1
12:50,1
mango,1
greg,1
flying,1
gamers,1
yourselves,1
app-ocalypse,1
blackhead,1
suction,1
pore,1
cleaner,1
podcast,1
audiobook,2
listened,1
hd,1
graves,6
neutral,2
nor,6
master,6
sake,6
aux,1
cable,1
3.5mm,1
headphone,1
cord,1
auxiliar,1
syncwire,2
aesthetics,1
aquarius,1
nvm,1
renovate,1
b&amp;b,1
italia,1
items,1
tarts,1
philly,1
1/2,1
eac,1
elena,1
christmas/paul,1
(paul,1
firing,1
mischief,1
diet,1
spaghetti,1
ghose,1
tops,2
justify,2
honestly,14
constitutional,2
privacy,3
sells,1
[notice],1
cube,1
celebrating,1
launching,1
reliable.charan,1
indira,2
westin,1
compete,2
paint,1
edward,1
56,1
offering,1
cowdenbeath,1
managerial,1
0-3,1
popo,1
fiona,1
grindr,1
shameless,1
fats,1
@senjohnmccain-thank,1
d.c,1
rep,1
grt,1
bothering,1
repeatedly,1
prey!#aldub106thweeksary,4
findings,3
dakota,2
trial,2
begging,2
eve's,2
tambourine,2
education,4
bowl,2
happier,3
expert,2
strongest,3
blessings,2
third,3
pero,3
comey,3
digital,2
recognize,8
advice,5
happening,1
humblest,1
svt,1
got7,1
crawling,1
housing,1
nuking,1
bo2,1
lobbies,1
lakeside,1
wynn,1
pujara,1
batting,1
jungleraj,1
ramraj,1
revolutionary,1
knockout,1
wassss,1
condiment,1
guamex,1
hideous,1
abuelo,1
indias,1
chapin,1
spiderman,1
*laurent,1
day*,1
damen,2
*runs,1
way*,1
*sees,1
auguste*,1
laurent,2
2am,1
blender,1
add-on,1
bendy,1
bones,1
drawn,3
grease,1
pencil,1
strokes,1
fucks,1
anyone's,1
t.h.e,1
s.a.m.p.l.i.n.g,1
p.a.r.a.d.i.s.e,1
persona,1
intro,1
options,1
abandoned,1
10-0,1
asap,1
armor,1
jisoo,2
comedian,1
cornered,1
bty,1
wahhhh,1
homeeee,1
kabura,1
arm,1
literary,1
disappeared,1
thin,1
bends,2
endurance,1
exam,1
autocratic,1
supporters,1
hated,1
targets,1
whys,1
screenshots,1
detractors,1
commitment,1
ideology,1
rank,1
drafted,1
bug,1
liberalism,1
butchering,1
allowing,1
women's,1
laughable,1
comparison,1
$8.4m,1
dod,2
allotments,1
kindness,1
sunflowers,1
blowing,1
futures,1
lad,1
avoiding,1
gleaned,1
vigour,1
jacob,1
fajitas,1
seasoning,1
onions,1
fajita,2
self-interests,1
nevermind,1
kingston,1
saffron,1
indah,1
duvet,1
hustler,1
dey,1
harasses,1
loose,1
goose,1
mend,1
sketchpage,1
flirting,1
fem!tony,1
43rd,1
franchise,1
357,1
base,1
percentage,1
scoop,1
mysterious,1
re-tweeting,1
terrific,1
constituents,1
pre,1
huh,1
baaaad,1
encore,1
oilers,1
hockey,1
flag,1
writers,2
reel,1
phyllis,1
horne,1
dennis,1
(who,1
problem...https://t.co/kgqijticcs,1
hearteu,1
forehead,1
irked,1
unbothered,1
below,2
funding,2
effective,2
wear,5
aight,2
belt,3
available,8
plane,4
masked,2
combat,4
image,2
afghan,2
//,3
hypnotized,2
melt,2
crash,3
mountain,3
confuse,2
offered,2
skills,3
border,2
brat,2
trusting,2
answers,2
b/c,2
hill,5
modded,2
she's,16
whenever,6
flourishing,1
latitude,1
26.616,1
longitude,1
14.057,1
libya,1
empowering,1
systems,1
berlin,1
ultimate,1
melody,1
jhene,1
aiko,1
sleeper,1
mixing,1
lollll,1
japanese=,1
cute...is,1
&amp;&amp;&amp,1
hof,1
youuu,1
memo,1
suspension,1
classes,1
grenfell,1
answers.let,1
moore-bick,1
friggin,1
enquiry,1
some-one,1
some-country,1
*does,1
not*,1
er,1
coodle,1
aventura,1
kings,1
bachata,1
lyrical,1
whaatt,1
ily,1
tumbrels,1
rolling,1
distortion,1
laser-cut,1
beeeeed,1
relief,1
thavar,1
village,1
dhanera,1
fran,1
zeiss,1
exolens,1
assembled,1
advancements,1
native,1
residents,2
laptop,1
connect,1
cafe's,1
wifi,1
tangina,1
appalled,1
article;women,1
succeed,4
spreading,1
hesse,1
hotline,1
bankers,1
6k,1
votes,1
teamwork,2
gp,1
summertime,1
drenched,1
feet,1
countertop,1
yuck,1
fuckers,1
informational,1
guarantee*,1
(earlier,1
depending,1
ppls,1
[showcase],1
charming,1
merino,1
neves,1
awesomeeeee,1
me...i,1
enlisted,1
nonchalantly,1
nap,1
bucket,1
ke,1
baad,1
honi,1
chahiye,1
karmapayback,1
ayo,1
respond,1
anime,2
51,1
biitches,1
locket,1
shells,1
soulmate,1
kyle,1
xxx,1
x's,1
jhhsdfdg,1
provoke,1
scuffle,1
madison,1
chess,1
field,2
aiming,1
$5000,1
discrimination,16
where'd,1
romanov,1
*watches,1
anastasia,1
1004727229th,1
time*,1
boise,1
lyle,1
smith,2
protected,1
controls,1
tocare,1
"syrians,yet",1
hasbeen,1
arming&amp;funding,1
alqaeda,1
slaughter,1
vietnam,3
sets,2
jcole,1
michigan,1
hollering,1
chairs,1
globe,1
smells,1
8727293728,1
flag-waving,1
embassy,2
hella,2
geniuses,3
pays,2
people,196
ability,4
possessed,2
chances,2
hahahah,2
beltre,3
feminism,2
clouds,2
actors,2
complain,2
weeks,10
here's,21
suffering,2
fought,6
desperately,3
raise,4
feeling,23
decent,3
tattoo,2
hmu,4
mood,10
harry,13
adrian,3
cabinet,6
super-hawk,1
daaammmmnnnnnn,1
temperature,1
ceremony,1
jamaica,1
usmnt,2
yawning,1
rubbing,1
pecks,1
thrones,1
cloth,1
mccartney,1
musician,1
topped,1
trio,1
quartet,1
kceg_,1
edit,4
ellis,1
privet,1
toothpick,1
nail,1
"400,000",1
properties,1
england,1
wales,1
lettings,1
hack,1
agaist,1
industrial,1
complex,1
c'mon,1
bee,1
crawled,1
sadness,1
cotton,1
bitchhhh,1
peaches,1
t-minus,1
illiterate,1
closet,1
poshmark,1
knit,1
t-shirt,1
shane,1
dawson,1
immune,3
administration's,1
seven,1
vacant,1
foreseeable,1
baejin,1
tacti-cool,1
knife,2
lov,2
lo,2
sliped,1
decission,1
tias,1
micheladas,1
geek,1
grasshoppers,1
"transgender's,america",1
built,2
rugged,1
individualism,1
exemplified,1
staying,1
negativity,1
jang,1
hyunseung's,1
ballad,1
bharatratna,1
minseok,2
babyboomer,2
romanian,1
squishy,1
gif,1
despacito,2
unprotected,1
lesbian,1
mpegs,1
checkin,1
hardly,1
shri,2
deputy,1
going/watching,2
faithless,1
surface,1
traitors,1
stone,1
pelters,1
sight,1
imax,1
planet;s,1
uturn,1
thankies,1
refresh,1
dm's,1
^u^,1
tfw,1
basics,1
components,1
[infographic],1
aftermath,1
30-ton,1
whales,1
swimming,1
silently,1
boarder,1
bbc,1
people-centric,1
beaches,1
here...but,1
meme,1
attn,1
hashtags,1
cessa,1
adams,1
principled,1
stigma,1
cooked,1
complained,1
referees,1
breast,1
retwitts,1
verry,1
dozens,1
filed,1
investigate,1
loretta,1
lynch,1
izumi,1
element,1
leans,1
attacks,2
spoke,3
yell,2
flexing,2
sleep,38
historically,2
ive,3
released,2
survival,3
fittest,3
cut,20
conversation,2
we've,2
athlete,2
trash,12
pool,2
system,8
sober,3
stroke,6
count,9
sworn,3
chipotle,5
lavar,12
85,2
leo,2
saved,6
ji,7
fellas,2
2-1,2
claim,4
sixth,1
welp....buh,1
byeeee,1
kitten,2
w/a,1
tirade,1
hensley,1
horab,1
wentz,1
stretch,1
xol,1
vines,1
chest,1
obvious,1
term,6
robbing,1
firm,1
maimane,1
zuma,1
combined,1
skillset,1
wing,1
sounded,1
rw,2
isaac,1
hire,1
designer,1
alfaruk09,1
youths,1
discussed,1
disclosure,1
denzel,1
valentine,1
miles,1
moneyball,1
pro-am,1
"$9,200,000,000",1
donation,1
hopped,1
midterms,1
flacco,1
injured,1
lifting,1
mri,1
believes,1
filams,1
label,1
magnolia,1
miguel,1
marketing,2
webinar,2
botsdchachaze,1
le,1
du,1
jour,1
eeest,1
seriousness,1
tryin,1
years...........until,1
starstruck,1
nose,1
(eng,1
ilgan,1
rhymer,1
ultimately,1
produced,1
cheater,1
apologized,1
shouting,1
ochromas,1
goddam,1
pineapple,1
deve,1
broad,1
daylight,1
gillian,1
triggs,1
honesty,1
pursuing,1
idgaf,1
intends,1
penalty,1
district,1
noble,1
weibo,2
joe,2
apart,3
simply,2
expected,2
earned,2
(level,2
badge,2
deleted,2
knees,2
pick,12
lmk,3
logo,2
papi,1
slacking,1
spinner,1
tim,1
minchin,1
pell,1
competes,1
taylors,1
awards,1
resort,1
[usa/can,1
go],1
chun,1
the.the.the,1
$19,1
porkchop,1
dateable,1
07.27.17,1
conditioner,1
philippines,1
u165p072017c,1
octavia,1
butler,1
awans,2
debris,1
benefits,1
alarms,1
responsibilities,1
consistently,1
quavo,1
almond,1
joy,1
mt,1
aca,1
puig,1
slaps,1
joc,1
lgbtq,1
hiv/aids-affected,1
begins,1
creeping,1
totalitarianism,1
yougov,1
57%,1
dems,2
amendment,1
45%,1
belize,1
rent,1
island,1
hon,1
purchased,1
60's..we,1
deceive,1
paybacks,1
group's,1
lewd,2
2day,1
welfare,1
harrases,1
jupiter,1
reckless,1
minion,1
unstable,1
tracey/glenn,1
greenwald,1
shining,1
roommate,1
dm'd,1
extinct,1
ford,1
recalling,1
nearly,1
"117,000",1
vehicles,1
buckle,1
fracture,1
namjoons,1
fringe,1
curls,1
ratio,1
spiral,1
rubavu,1
n.west,1
wrestle,1
flesh,1
blood...wherefore,1
armour,1
phase,1
come..when,1
arjun,1
truth..#beyhadh,1
sack,1
discredit,1
timothy,1
birckhead,1
(became,1
sparkly,1
unicorn,1
convention,1
laurens,1
mantap,1
prabowo,1
papa~~*^_____^*,1
itz,1
twosome,1
day~~(,1
`,1
shivaay,1
anika's,1
rudra,1
bhavya's,1
ishqbaaaz,1
|924523063|,1
urgent,1
scoring,1
apple's,1
inspection,1
sadiq,1
kahn,1
mayor,1
go.rt,1
skating,1
hollered,1
dogtown,1
contemplating,1
michael,3
eminent,1
dr.#abdulkalam,1
iow,1
manufacture,1
controversy,1
frame,1
government's,1
bodak,1
galore,1
mashup,1
deaddddddddd,1
university,1
smoove,1
breathed,1
turnoff,1
*ashes,1
forehead*,1
doubted,1
trenches,1
positive,5
romantic,2
adele,3
hasn't,4
affordable,2
suicide,3
sales,4
temporary,2
yellow,2
moon,4
unit,2
lame,2
legit,3
majority,2
minority,2
burden,17
decision,2
thinking,26
grind,2
sexually,2
forced,2
app,2
british,4
wife,10
rides,3
leaker,3
faking,1
manage,1
rewatching,1
300k,1
ioi,1
wannables,1
value...after,1
disband,1
dwm,1
on-deck,4
grandma,1
"8,9,10",1
gohan,1
repay,1
sighs,1
complaint,1
fatass,2
birthday's,1
bellamy,1
clarke,1
lust,1
rainbowscuba,1
kgoetz2005,1
pinned,1
scuba,1
hawaii-scuba-diving-34.jpg,1
produces,1
boost,8
v2,2
insects,1
sci,1
located,1
ocala,1
provide,1
length,1
suggestions,1
malcolm,1
denies,1
choosing,1
spotlight,1
task,1
hansen,1
inspiring,1
sweaty,1
hisses,1
package,1
dive,1
ummm,1
wander,1
forcing,1
leftist,1
subversion,1
roof,1
hush,1
questioning,1
heechul's,1
supplies,1
tottenham,1
cengiz,1
delightful,1
heel,1
&gt;&gt,1
valtteri,1
hungary,1
branch,1
santos,2
s/o,2
pro12,1
bold,1
9-year-old,1
gg,1
antifan,1
weenie,1
awwwwww,1
appealing,1
&gt;tio,1
kirin,1
roading,1
fields,1
roger,1
clark,1
bleeding,1
archipelago,1
landscape,1
yixing,1
cfans,1
sehun,1
cheaper,1
washed-out,1
less.the,1
mcdonald's,1
bump,2
booktubeathon,1
shapely,1
republican,2
thunder,1
cans,1
dress,1
babysit,1
air,11
lyinn,1
eva02soul,1
devs,1
regretting,1
grieving,1
glitch,1
patched,1
(gta,1
uhhhh...i,1
developing,1
arthritis,1
stylist...i,1
pickup,1
pdfs,1
html,1
jumping,2
converting,2
document-based,1
flashback,1
mmdmmd,1
cam,1
blanchfield,1
pro-trump,1
clients,1
hike,1
anklet,1
messengers,1
gamer,1
billie,1
myselff,1
gnjjgftjbtfa,1
wishes,1
nandal,1
producers,1
agents,1
inktip,1
scripts,1
www,1
weight,2
hanging,4
jealous,3
rapper,2
challenge,3
kidding,6
assholes,2
magazine,2
unknown,4
friends,48
white,23
mathew,2
tony,2
map,3
makeup,12
propuesta,2
indecente,2
romeo,4
voices,2
tag,3
lovingiteverydaywith,2
mayward,2
gta,2
mill,2
independent,2
dome,2
prettiest,3
world,64
jazzercize,1
co,1
avon,2
incorporated,1
flowchart,1
hormones,1
mercury,1
vegetables,1
pesticides,1
exo-l's,1
"war,pls",1
knocked,1
float,1
citizen,1
husbands,1
wifey,1
privileges,1
tek,1
knowwww,1
buffaro,1
mchicken,1
hibiki,1
phoenix,1
exploits,1
kancolle,1
07-27,1
celestial,1
southern,1
hemisphere,1
1660-1661,1
meets,1
choir,1
nicer,1
unconditionally,1
lagu,1
mmg,1
laa,1
crooked,1
shultz,1
4million,1
services,3
smashed,1
laptops,1
bodies,1
digitally,1
streams,1
dl's,1
decided,6
posting,2
baggage,1
s7,1
shook..i,1
just..wow,1
47604,1
cape,1
forgave,1
us....that's,1
madrid,1
friendly,3
aged,1
15-24,1
where's,1
detectives,1
bollywood,1
nepotism,1
b'wood,1
gods,1
mid-life,1
trib,1
pushed,1
ac....it,1
alphabet,1
fireplace,1
zeppelin's,1
lifes,1
agains,2
appoint,1
counsel,1
spell,1
ndtv,1
(via,1
nintendo,1
feh,1
owl,1
ballislife,1
wee,1
(5:08am,1
escaping,1
wetter,1
dip,1
dipbrow,1
twista,1
bayad,1
utang,1
muna,1
assumptions,1
tew,1
nominate,1
10x,1
woohyun,1
cutie,1
patootie,1
finesse,1
friend's,1
siwon,1
jakarta,1
hooah,1
tranny,1
occupation,1
impacts,1
burials,1
touching/rubbing,1
potus,1
mm,1
[james,1
widens,1
touch.],1
blueberries,1
pickles,1
tipping,1
lol....dude,1
235,1
rising,1
relax,1
sue,1
predatory,1
agad,1
broke,4
ps,1
plus-size,1
dregs,1
reviews,1
avocado,1
avo,1
w/shrimp,1
corn,1
smoky,1
aioli,1
hyungwon,1
jacqueline,1
surly-faced,1
put-upon,1
5'3,1
finance,1
buoyed,1
interim,1
audit,1
someday,3
kyuhyun,1
hokey,1
life-support,1
iota,1
numerous,3
regards,2
kitchen,1
natural,3
warmth,1
texting,1
fennec,1
shh,1
bedtime,1
thvngs,1
propagate,1
|o,1
led,2
favorites,2
travelers,3
boyfriends,2
causes,2
coins,3
tripping,2
smash,2
credibility,2
probs,3
dis,3
adverse,2
getting,41
bing,1
yahoo,1
(rand,1
fishkin,1
99,1
der,1
toten,1
speedrun,1
(cod,1
day6,1
choonz,1
corner,1
freaky,1
angrily,1
angela,1
dumlao,1
aunt's,1
grandfather,1
sjambok,1
packed,1
seaworld,2
73822,1
skilled,1
yaoi,1
blcd,1
clap,1
lands,1
nomore,1
merged,1
abh,1
subculture,1
palette,1
(must,1
passable,1
yourself...ur,1
soulless,1
ghoul,1
w/honor,1
vile,1
scum,1
aliens,1
dawg,1
easily...me,1
directed,1
you.i,1
verdict,1
popular,1
murder,1
4.0,1
addiction,1
flaked,1
200,1
"2000s,trump",1
tamod,1
kay,1
twink,1
fionn,1
i-d,1
7/27,1
ramsey,1
viera,1
clown,1
admonishing,1
iiiii,1
cancel,1
turnt,1
meat-loving,1
reactions,1
shocking,1
ungrateful,1
majors,1
generals,1
goodbye,1
5sos,1
keeks,1
byeeeeeeeeeee,1
jean,1
gary,1
neville,1
yer,1
pep,1
dy,1
joel,1
kobia,1
speaker,1
plate,1
enchiladas,1
(original,1
promotion,1
titties,1
bounce,1
buss,1
ted,1
dekker,1
slander,1
rb,1
le'veon,1
zeke,1
hottest,1
shoes,2
gaga,1
mtv,3
nickelodeon,1
75-years,1
gentle,1
recipe,1
(apple,1
psa,5
wizard,1
ozone,1
genderbent,1
drawings,1
jordans,1
niceguy,1
abusive,1
chad,1
cis,2
beated,1
axe,1
murderer,1
visited,1
prospector's,1
wasted,3
understandable,1
lyin,1
bro...wishing,1
happiest,1
ahead,1
couples,1
tear,2
emojis,1
android,1
epiphany,1
singles,1
^~^,1
lohith,1
pl,1
muthafuckin,1
planes,1
tana,1
mongeau,1
nick,1
cannon,1
campus,1
cart,1
150,1
drove,3
microwave,1
timer,1
02me,1
verses,1
cousin,1
latina,3
mixtape,1
salvation,1
bo,1
benefit,1
cena,1
unbroken,1
in-tune,1
china,5
degenerate,2
hearing,3
compare,2
pie,2
sooo,2
marvel,2
happiness,8
kids,31
counting,2
flight,2
rescued,2
backwood,2
tjayjones8,2
tjay,2
dnt,3
thousand,3
realy,1
opal,1
*new,1
alert*,1
newly,1
launched,1
crystal,1
legendary,1
congratulating,1
smirk,1
matte,1
credit,6
dirt,2
2077,1
fu,1
chow,2
spacechihuahua,1
oracle,1
betray,1
timing.i,1
disqualifies,1
height,1
substance,1
deviancy,1
preexisting,1
offseason,1
owners,1
lovers,1
ig,1
slots,1
[video],1
bmx,1
treasure,1
nations,1
finest,5
flashy,1
seventeen's,1
separated,1
units,1
mee,1
caitlyn,1
strictly,1
pastors,1
annoyed,1
delivered,1
manifolds,1
wat,1
perturbed,1
vendetta,1
pug,1
10c,1
07/08,1
com,1
inexhaustible,1
warrior,1
encouraging,1
ey,1
cross-border,1
possibilities,1
value-for-money,1
informed,1
fanartist,1
threats,1
entry,1
downward,1
vvitch,1
new-england,1
conditioning,1
clips,1
twitch,1
kreygasm,1
escalated,1
concern,1
revert,1
(^lm,1
headache,1
continue,7
showering,1
narrator,1
goths,1
joth,1
simcoe,1
cosies,1
dictators,1
strongmen,1
criticizes,1
longstanding,1
allies,1
shame,2
refer,1
existing,1
religions,1
correctness,1
harmless,1
1400,1
rotherham,1
abused,1
fulmer,1
tigers,1
nears,1
related,1
10k,1
faze,1
boiiiii,1
disssss,1
rubs,1
temples,1
flamini,1
1-850-361-8504,1
tutor,1
beginners,1
suburban,1
housewife,1
52,1
emancipation,1
adulthood,4
ion,1
gnf,1
guts,1
whisper,1
ear,1
breaking**,1
scalise,1
gurgled,1
ukrainians,1
furiously,1
pedaling,1
jethmalani's,1
kejriwal,1
dues,1
noted,1
jurist,1
smog,2
exempt,1
2000,1
chevy,1
van,2
arrests,1
asst.us,1
overseeing,1
debbie's,1
cold,10
year's,2
sona,1
reiteration,1
civ3,1
zulu,1
difficulty,1
1-2,1
creme,1
brulee,1
thoughhhhhhh,1
moe,1
bust,1
plantwin,1
eres,1
tan,1
feedback,2
lying,9
crises,2
update,2
happen,21
sessions,4
download,2
transgenders,5
happy,51
shopping,2
married,8
burning,2
deadline,2
goth,2
followers,14
patience,3
guardian,4
querias,1
abrazar,1
eso,1
kenta,1
eval,1
rehearsals,1
ost,1
gattaca,1
aluminium***,1
murmurs,1
scare,1
align,1
niche,1
financing,1
specific,1
insurgents,1
geological,1
pc,1
haunts,1
carpet,1
reveals,1
novels,1
heal,1
matthew,1
8:7,1
9am,1
dallas,1
location,1
heat,1
hippies,1
transition,1
easier,1
inside,12
pandas,1
log-in,1
kkt,1
sign-up,1
fallon,1
phan,1
skillrex,1
hacked,1
ladder,1
martyr,1
gaining,1
unconquerable,1
sincerity,1
rules,10
coworker,1
acn,1
(1-10,1
outskirts,1
babes,1
breathtaking,1
k-army's,1
mana,1
doubled,1
organic,1
homemade,1
delivers,1
oils,1
houtman,1
abrolhos,1
islands,1
carolina,1
non-conference,1
invaded,1
greeks,1
brits...all,1
haunt,1
harlight,1
mata,1
hari,1
starlight,1
guadalupe,1
mechanical,1
engineers,1
thingy,1
plastic,1
brew,1
mls,1
sd,1
dump,1
fairy,1
shield,1
remember,35
6months,1
spiritually,1
financially,1
jurisdiction,1
jackson's,1
estate,1
owes,1
quincy,1
$9.4m,1
royalties,1
decides,1
shin,1
megami,1
tensei,1
dunno,1
sequels,1
encounter,1
doctor's,1
appointment,1
stott,1
butterflies,1
demanding,1
rider,1
george,1
lopez,1
world's,2
rs,1
yknow,1
sarahah,2
comeback,6
responding,1
nuisance,1
blaine,1
cheats,2
hashtag,1
congrat's,1
womans,1
yasu,1
*wears,1
overalls*,1
bean,1
nerd,1
selfies,1
11h00,1
cic,1
eff,1
goodwill,1
zwelithini,1
gutsy,1
gt,1
usa1st,1
transparency,1
"20,000++",1
$68,1
called...too,1
cooks,1
disturbing,1
goofs,1
instantly,1
kiddinf,1
shdhbd,1
handsomeness/beauty,1
aries,1
loyal,5
kennels,1
unfortunately,1
stayers,1
dumbest,1
*facetime,1
ringing*,1
facial,1
expressions,1
chapter,2
hubby,2
bi,2
(i,2
liberals,3
stolen,2
played,12
kidnapped,2
suspected,2
boko,2
haram,2
cnn,3
little,38
shinee's,1
friendships,1
withstand,1
phases,1
corgi,1
fence,1
roblox,1
disgrace,1
morally,1
grass,1
scotland,1
hiking,2
expelled,1
kicked,1
assheadery,1
hurts,1
fata,1
shaheen,1
shah,1
145kph,1
wasim,1
akram,1
hetero,1
army.....the,1
population,1
cracks,1
projects,1
gtf,1
namels,1
bruno,1
sept,1
jusme,1
dito,1
cringy,1
miming,1
a.g,1
replace,1
andrew,1
mccabe,1
yw,1
registered,1
kourtney,1
collision,1
beverly,1
deadass,1
lmfaoooooooo,1
lighting,1
cauldron,1
1992,1
cooker,1
pot,1
foods,1
wolf/dog,1
indiana,1
fifa,1
democratization,1
pros,1
[!],2
nominated,1
soba,1
hallyu,1
bighit's,1
additional,1
cons,2
coax,1
kendy,1
coloring,1
vastly,2
efficient,1
quack,1
booblious,1
kardashian,2
(including,1
joshua,1
greene,1
(where,1
e-mails,1
hut&gt;mcdonalds,1
buggs,1
attendee,1
compassionate,1
surrogate,1
bodycount,1
orgasms,1
lasts,1
minutes+,1
reminding,1
dedicated,1
jihoonie,1
glances,1
feeds,1
awwww,1
&lt;/3,1
dowryfreeindia,1
dies,1
f.w,1
bourdillon,1
steady,1
bursting,1
imaginable,1
*wood,1
mccracken,1
conversations,1
flows,1
eaten,1
cn,1
phresh,1
cramps,1
rum,1
safaricom,1
unearthed,1
multimillion,1
scandal,1
divisiveness,1
improbable,1
oscar,1
wilde,1
slack,1
mac,1
dre,1
dough,1
unseal,1
sealed,1
spying,1
prosecutions,1
corrupt/criminal/bribed,1
elites,1
sik,1
team's,1
mumbai,1
laurels,1
sausage,1
ikaw,1
hun,1
runback,1
(overtime,1
rumble,1
queen...ang,1
10:22,1
glowing,1
shouldve,1
whistle,1
scrolling,1
ignite,1
(formerly,1
ict,1
r&amp;d,1
(#digiskills,1
participants,1
105.1,1
bundy,1
68,1
enhanced,1
co-operation,1
infact,1
portable,1
catastrophes,1
wheels,1
t&amp;c,1
revival,1
wannaone,1
distant,2
socks,3
bowler,2
interaction,2
23,2
cozy,2
add,15
tapes,2
vol,2
milestone,2
mnet,1
fishy,1
wwe,1
observations,1
(7/26/17,1
hideo,1
itami's,1
killings,1
violent,1
runway,1
laceless,1
ultraboost,1
gettin,1
nine,1
transformers,1
confirming,1
secure,1
politico,1
reports,1
indonesia,1
opportunist,1
enabled,1
hindutva,1
fascism,1
fulfil,1
bonfire,1
readers,1
downgrade,1
corporate,1
cellphone,1
kiki's,1
delivery,1
self-doubt,1
pronunciation,1
"heart,pia,julie,coleen",1
50/50,1
80/20,1
gonna,51
100th,1
talmbout,1
corrects,1
enforcement,1
13:1-8&amp,1
samjhi,1
ne,1
chalo,1
darkskin/brownskin,1
jawn,1
24/7,1
told,19
ours,2
thank-you,1
4-h,1
volunteers,1
shelbs,1
unfortunate,1
circumstances,1
besides,1
fans/team,1
province,1
69,1
distribution,1
theiot,1
htc,1
vive(tm,1
premium,1
standalone,1
vr,1
headset,1
malays,1
abroad,1
vouch,1
eye-opening,1
heartbreaks,1
"$14,000",1
prizes,1
f(x,1
jungli,1
tears,1
wallet!!!oh,1
zinke,2
swt,1
generic,1
illuminate,1
grossed,1
"$15,700,000",1
"300,000",1
mendes,1
cleaning,1
activists,1
draconian,1
doctors,1
international,1
obsessing,1
prostate,1
treats,1
500,2
dw,1
accomplish,1
"1,850",1
(+6.73%,1
effect,1
snsd's,1
love,253
admiral,1
vindictive,1
titwheel,1
c-in-c,1
faisal,1
specialist,1
centre,1
(kfshrc,1
riyadh,1
dk,1
dcrooms,1
housed,1
1.000.000,1
drugsessions,1
fatal,1
rainforest,1
thunderstorms,1
playlists,1
redbone,2
gabino,1
&amp;&amp,1
altar,1
jfc,1
19,1
raped,1
iq,1
57,1
sentenced,1
before/,1
novelty,1
cycle,1
yas,1
aaaaaahh,1
awsem,1
preformances,1
pages,1
masturbation,1
metaphor,1
icloud,1
limitations,1
muscles,1
antonym,1
"$15-$10,000",1
chall,1
retro,3
vampire,1
yoona,1
fulfilling,1
set,13
rdans,1
regim,1
brilliant,7
lava,1
minerals,1
metals,1
factions,1
racing,1
ungazong,1
jwayela,1
kabi,1
@hrc,1
unpatriotic,1
active,1
scoot,1
wesley's,1
filthy,1
efficacy,1
cannabinoids,1
tetrahydrocannabinol,1
tired,10
miss,47
(thc,1
treating,1
volkov,1
curve,1
interactive,1
t20,1
ears,1
1000x,1
false,1
tuesdays,1
histrionics,1
desirous,1
bay,1
bashers,1
dr.ajay,1
alok.a,1
180,1
deg,1
seongwoo,1
mute,1
zayn,1
peak,1
esportsarena,1
lans,1
jamo,1
thing/habit,1
washroom,1
games,12
nutshell,1
madam,1
cmon,1
madden,1
nhl,1
beta,2
dandy,1
dozen,1
betrayed,1
elses,1
fucken,1
carriers,1
murdered,1
documents,1
restoring,1
family's,1
trading,1
status,1
starve,1
thinkin,1
pitching,1
wood,1
reliable,1
mccarthy,1
nnpc,1
terrorists,1
borno,1
pants,1
seuss,1
gayer,1
*hugs,1
back*,1
broadcast,1
dong,1
hahahha,1
naacp,1
improving,1
dictating,1
nation's,1
forreal,1
merkel,1
pirates,1
labour,1
libdem,1
unfollowed,1
back...i,1
shifts,1
dolla,1
msnbc,1
reporting,1
anonymous,1
disrespectful,1
dunks,1
lyric,1
bucbsnhs,1
ty,1
fg%,1
eniemes,1
jealousy,1
greed,1
donell,1
&gt;&gt;&gt;&gt;&gt,1
haffi,1
certificate,1
caz,1
yah,1
doc,1
deferred,1
unapologetically,1
dudden,1
wynonna,1
waverly...i'd,1
barefoot,1
lmaoooo,1
he/she,1
reciprocate,1
primarily,1
ships,1
holidaying,1
yaheame,1
baptism,1
consecration,1
bishops,1
mighty,1
skrillex,1
joyryde,1
matroda,1
goosebumps,1
breed,1
(music,1
that'll,1
one's,1
cameron's,1
avatar,1
bipartisan,1
governors,1
slams,1
agrees,1
design,4
@theoliverstone,1
putin,1
interviews,5
crown,1
true!good,1
foster,1
reward,1
recognition,1
lnd,1
engagement.public,1
karina,1
who're,1
grant,1
sufficient,1
grace,1
photobykai,1
manager-hyung,1
kimjongbros,1
jongin,1
file,1
restraining,1
thoroughbred,1
pow,1
kisser,1
adopting,1
4c,1
cache,1
fgo,1
cleared,2
2gb,1
2008,1
23rd,1
paranoia,1
kite,1
rope,1
toke,1
qassimi,1
shakedown,1
hq,1
pal,1
dublin,1
mmacourier,1
video,71
prophet,2
detailed,2
celebs,2
chop,2
hook,2
girl,55
#martialarts,1
freeing,1
mosque,1
britain,1
un-friend,1
serial,1
milk,1
holocaust,1
western,1
shape,1
contact,1
reservist,2
issues,1
ppl,18
yuta,1
saps,1
servicing,1
miscommunications,1
appropriate,1
talking,21
realizing,2
crocodile,1
captured,1
mareeba,1
tablelands,1
croc,1
capital,1
application,1
hired,1
lobster,1
horrifying,1
a50s,2
pkg,1
imposter,1
wars,3
(adults,1
arranged,1
dt,2
organs,1
pouring,1
sugbon,1
budo,1
shay,1
oloriburuku,1
ma,1
edekede,1
physics,1
ignored,1
mightiest,1
church!#prophetdrowuor,1
bands,1
sneezing,1
requests,1
sketches,1
invent,1
dissapointed,1
*all,1
choked,1
aap,1
soooooo,1
charting,1
gta5,1
[more,1
info]#2,1
misspell,1
spellies,1
countdown,1
excitedly,1
jattu,1
accumulate,1
craze,1
jacks,1
mermaid,1
sanji,1
@potus,1
grade,2
hardest,1
emile,1
lahoud,1
haj,1
preparing,2
meals,1
collect,2
affect,1
j_botha,1
1500,1
followers/day,1
serves,1
danny's,1
autobiography,1
imidiate,1
effects,1
graduate,4
wssu,4
text,19
print,1
artbook,1
arrived,6
pre-orders,1
funniest,1
dominos,1
dumbly,1
dumbness,1
departure,2
cody,1
night,39
hoh,2
m.i.a,1
me-time,1
eli,1
rains,1
zooms,1
contained,1
tourture,1
infrontmeputting,1
thatphatpussyandbootyonpurpose,1
swoll,1
taxpayers,1
surgery,2
sympathize,1
oh,31
candy,1
live,47
neighborhood,1
messed,1
felicitates,1
splendid,1
chuffed,1
expressed,1
risks,1
traumatized,1
nerfed,1
icant,1
ijust,1
socket,1
abril,1
six,4
mw,2
preview,3
comments,2
startlingly,2
prime,3
extreme,2
broken,6
bravo,3
eatbulaga,2
current,4
rain,3
blunt,4
considering,3
gassing,2
thick,7
father,7
cross,3
attorney,5
incorrectly,3
expects,3
track,7
checking,3
behalf,3
falling,2
title,7
wonder,11
kampfer,1
bcoz,1
lmfaoooooooooo,2
filter,1
avi,1
ump,1
pretzel,1
diddy,1
2.0,1
5h,1
male,1
species,1
shouldbe,1
thanggg,1
respawn,1
progress,1
bre,1
angelina,1
candidate,1
php,1
developer,1
residence,1
ukraine,1
kharkiv,1
caray,1
texture,1
mummies,1
daddies,1
grandmas,1
utterly,1
gutted,1
mortified,1
grip,1
idiots,1
reals,1
6/,1
apartment,1
measures,1
joell,1
ortiz,1
brooklyn,1
slaughterhouse,1
translator,1
speechless,1
mail,1
rlly,1
pernell,1
mcphee,1
(knee,1
pup,1
bakugou,2
bby,1
gising,1
flip-flopped,1
breitbart,1
flawless,1
insulated,1
sympathizer,1
shakl,1
nehi,1
baat,1
acchi,2
(^u^)(,1
^)o(^,1
smallbizchat,1
melinda,1
emerson,1
feelin,2
trace,1
cargo,1
you've,14
life's,1
*my*,1
singleplayer,1
2-player,1
co-op,1
ahttp://twitter.com/googuns_lulz/status/890447407955234816,1
40th,1
yashika,1
inconvenience,1
shipment,1
shelly,1
stop,51
beluga,1
yeezy,2
bruh,10
daily,11
headass,1
"dots,the",1
if's,1
what's...there's,1
day,103
pack,9
bare,1
peeled,1
ginger,1
nmd_r1,2
minimalist,2
co-exist,1
lie,21
soo,2
lifestyle,1
picked,4
cute,37
ass,63
fetish,1
blaming,1
damned,1
hey,26
worldwidehandsome,1
nickname,1
check,22
stomp,1
assuming,1
otherwise,1
sex,23
sweetie,1
comic,5
theatre,1
economics,2
sorry,23
regency,1
romance,1
dm,21
bluestocking,1
brides,1
price,29
recently,3
terrorist,2
black,19
coming,27
indian,5
living,17
shit,123
boy,23
demi,2
lovato,2
delete,6
scary,2
wildest,2
army,7
feel,84
hurt,15
opinions,5
liked,23
absolute,3
connecting,2
barely,4
ain't,32
tell,45
movie,17
follow,35
push,2
10,22
likes,11
ll,2
please,54
perfect,15
chance,23
letting,3
vixx,2
loves,5
real,50
announcing,2
releases,3
con,5
senate,10
thanks,28
skin,9
legacy,2
dodgers,2
retail,12
seen,29
republicans,7
democrats,5
[poll],2
reply,6
yes,34
anniversary,8
obsession,2
hi,12
forgot,2
instagram,2
time,145
(3,3
buying,8
unfair,2
fav,5
i'll,40
listen,19
favor,4
soon,17
marriage,6
life,97
enter,19
bitch,50
350,2
deal,12
tv,8
focused,2
anyway,6
internet,9
heart,33
fr,8
wouldn't,13
straight,19
series,6
suppose,5
message,18
promise,14
star,11
taxes,6
i'd,16
watching,18
brown,5
account,11
obamacare,3
beef,1
istg,1
european,1
tweak,1
inject,1
typa,1
identity,8
shenanigans,2
hoseok's,1
abs,1
brighten,1
fkd,1
martinators,1
error,1
sin,1
players,11
597.3,1
exactly,7
lunch,1
travel,5
easy,10
brunch,1
worth,12
nadine,3
coaches,2
chill,6
excesses,1
adi,1
purged,1
1934,1
edits,1
humanity,1
word,19
season,14
own,29
dead,19
greyworm&amp;missandei,1
"beautiful,vulnerable",1
disemboweled&amp;strangled,1
w/his,1
90s,1
ootd's,1
thumb,1
fare,1
stark,2
snow,1
pics,9
cheer,1
arnautovic,1
ham,1
ambitious,1
accept,4
vapp,1
orientation,1
tilt,1
fat,9
bless,2
we're,34
story,21
practice,5
ate,6
talk,31
ong,2
tuesday,2
gc,2
outfit,3
money,40
eat,29
bigger,4
forget,15
growing,4
jon,2
united,11
awesome,17
today's,9
makes,36
rule,3
means,13
lost,14
sad,20
labels,4
game,34
awkward,2
best-er,2
excuse,6
damn,41
moment,19
military,65
he's,38
held,3
twitter,29
expect,7
based,12
ay,2
south,3
salute,4
missing,5
doing,55
strong,10
bother,7
opportunity,3
realise,5
brothers,5
gotta,31
true,23
lol,66
picture,12
let's,26
2daysto,2
club,7
inspired,2
bad,44
patriots,6
okay,25
home,40
gender,12
head,18
round,4
mirror,2
he'll,7
currently,12
business,11
ignorance,2
dates,9
believe,38
breakfast,4
"15,000+",4
realize,11
episode,13
watch,49
fail,3
continuation,2
baby,33
sa,5
taking,28
isn't,24
move,14
support,37
final,24
concept,9
cards,3
team,39
change,26
husband,8
race,10
haha,12
serving,17
secret,9
boring,4
allow,10
future,22
bunch,5
truth,11
color,15
dinner,5
wrong,35
ramen,14
ahttp://twitter.com/googuns_lulz/status/890447660192337920,1
sentences,2
happens,9
shaking,1
80mph,1
jeremy,1
market,8
dear,17
channel,5
rp15mins,1
kik,1
gold,10
effortlessly,1
crazy-eyed,1
deranged,1
conservative,1
stepford,1
alien,1
nightmare,1
lit,10
stewart,1
bondage,1
choking,2
caring,1
tharoor,1
hormone,1
meds,1
teeth,4
bf,3
books,1
admit,3
gloss,1
crazy,19
fast,10
kinetic,1
equation,1
minimize,1
ghetto,1
rollercoaster,1
bipolarness,1
15000,1
suit,8
changkyun's,2
imagine,21
bihar,14
waste,4
strikes,2
mantras,1
punk-rock,2
announce,1
empty,1
tanks,1
showdown,1
traversing,1
twist,1
tribe,1
daaaaamn,1
maybe,17
via,28
campaign,3
lurambi,1
trail,1
angweta,1
hell,15
hours,15
human,22
proper,3
borrow,2
death,12
speed,2
research,7
week,37
shawty,2
spent,7
mcm,2
women,27
chose,5
skinny,12
pass,12
couldn't,7
tip,6
seats,2
fave,5
screaming,4
2017,28
loop,2
heard,28
lane,2
energy,6
champions,6
cuz,8
nigga,57
plus,8
troll,2
free,22
control,13
woojin,3
woman,28
food,13
you'll,26
middle,8
personally,3
genuinely,5
omg,20
cat,5
dying,10
managers,4
disney,4
kits,3
act,17
complete,8
yall,8
vonnie,2
starts,7
month,10
understanding,4
power,12
abt,4
kink,4
sweating,3
august,8
hat,5
boo,10
actually,34
minimum,4
acct,2
repeal,6
al,5
car,11
rt,42
house,38
revenge,4
song,35
target,8
treatment,5
prison,4
pose,2
person,46
jaehwan,2
runs,9
dr,5
obsessed,4
switch,2
pictures,13
significant,5
trans,58
excited,8
suspect,4
destination,2
congress,5
trend,4
belong,3
27,4
sick,9
shikhambi,1
enjoying,1
busaa,2
successful*,1
*wakes,1
night*,1
myles,1
dove,1
portland,1
fears,1
limits,1
seeking,1
fate,1
diabetes,1
hypertension,1
rewards,1
policy,1
somethin,1
migraine,1
heres,4
spicier,1
binge-eating,1
taco,1
bell,1
chasm,1
clearer,1
tribal,1
genitalia,1
nuzzle,1
defines,1
arianator,1
mentality,1
thooo,1
sickness,1
mukhtaran,1
mai's,1
exo,8
girllllllllll,1
bulalo,1
sisig,1
paired,1
govs,1
expand,1
anti-obama,1
bonafides,1
collab,3
arkansas,1
shelter,1
associated,1
doorstep,1
instrument,1
managing,1
controlling,1
upgraded,1
million,12
learned,3
unhinged,2
else,24
playboi,1
carti,1
29,1
orlando,1
hinting,1
admittedly,1
biased,1
creativity,1
freakin,1
continuity,1
concert,6
puzzle,1
razue,1
official,5
pls,12
drastically,2
child,8
premiums,2
legal,3
posted,11
alot,2
friendship,6
boys,13
illegal,3
trip,12
teasers,7
sane,2
eye,2
earning,3
loyalty,3
fake,11
16,6
bed,9
outside,3
tin,2
practices,2
release,12
security,5
fresh,4
anxiety,9
insurance,6
slate,3
able,17
music,23
teen,4
*is,2
stage,2
shooting,2
according,7
changed,7
save,14
tomorrow,21
apparently,11
attention,27
politics,8
details,8
blossom,2
kill,12
ready,33
box,4
addressing,2
swipe,2
press,3
result,4
prevented,4
choice,5
photo,14
eyes,12
reasons,4
paying,8
weather,8
health,18
videos,10
administration,2
meet,16
fine,10
happened,11
july,9
recent,6
police,11
didn't,46
nyt,3
vlive,6
cuddle,3
platform,4
shamed,2
gift,11
beer,4
employment,3
increase,4
days,38
huge,9
[info],7
choose,6
haven't,19
fam,8
insane,2
meant,9
die,21
burn,3
party,7
fan,16
assault,3
fit,6
gaon,10
witness,3
concerned,2
featuring,4
ticket,6
prove,5
cancer,13
course,6
near,4
mv,7
girlfriend,6
repeat,6
actual,6
slump,1
treated,1
duke,1
cambridge,2
pilot,1
salient,1
costello,1
remarkable,1
amid,1
fraud,1
spelled,1
ragean,1
modeling,2
safe,16
chem,1
canyon,1
thicker,1
snicker,1
moras,1
selfish,3
jinki's,1
narcissist,1
misogynistic,1
grubbing,1
cry-baby,1
impeachment,1
niall,1
protective,1
holding,8
eclipse,1
how's,1
25th,1
pearls,1
swine,1
fbi,4
nature's,1
medicine,1
cast,6
crackhead,1
tax,4
posture,1
leaning,1
country,16
morning,32
featured,1
charli,1
xcx's,1
screamed,1
arrogant,1
pompous,1
cloud,2
one-of-a-kind,1
rely,1
pride,4
runners,1
starring,1
neul,1
jenner,3
seo,1
joon,1
unveils,1
tommy,1
dragged,1
else's,2
owns,1
85%,1
agency,1
dunkirk,6
diana,2
shop,5
poster,2
trust,16
touch,5
ronald,2
guys,40
flee,2
drama,2
ap,3
receiving,2
jay,3
bottles,8
sock,3
foray,2
stronger,2
20th,3
rainbow,2
acting,8
birthday,18
liar,6
probe,2
kiss,4
stills,2
win,38
sophomore,2
park,8
finish,4
tries,3
queen,9
laundry,3
someone's,7
ny,3
boat,4
arizona,2
signing,2
report,9
wealthy,3
try,24
precious,5
legend,3
falls,5
proof,6
yeah,20
lady,8
tory,3
hit,15
pap,6
water,17
kang,2
name,43
custom,2
upcoming,2
planning,8
question,17
totally,7
film,6
4-1,2
boob,2
match,8
midnight,4
dude,15
shift,2
wait,39
june,5
idk,15
died,9
character,9
resources,2
journey,6
ambulance,2
streets,3
special,12
lived,5
born,3
mouth,8
harder,3
kylie,6
premiere,5
mind,25
join,14
started,19
rip,4
dream,9
|,30
cartoon,3
arms,7
ha,2
patriot,2
sound,13
summer,14
voice,11
arrested,3
grand,5
jesus,12
stupid,18
denying,3
sing,5
(that,1
2/2,1
9/11,1
policemen,1
superior,1
detached,1
empathetic,1
saving,3
lollydaskal,2
waaaaant,1
prefer,2
1:48,1
downplay,1
fans..all,1
xanny,1
[!!],1
definitely,10
banners,1
fic,1
violinaires,1
sarcasm,1
reference,1
spielberg,1
businessinsider,1
saying,25
stands,1
&amp;/or,1
pumped,1
reshuffle,2
bob,3
news,18
overstay,1
=],1
hunting,1
stranded,1
cabin,1
(1995,1
header,1
trannies,1
officially,1
2020,1
dyson's,1
appearances,1
1-0,1
0.61,1
6/6,1
14.2,1
imam,1
(as,1
[top,1
kissing,4
trans],1
youngmin,1
hotshot,1
nu'est,1
sunbaenim,1
thot,1
bar,10
truck,1
leader,6
looking,25
understand,16
lasting,1
forgiveness,1
meshuggah,1
year..thank,1
bday,1
12,5
winner,5
buy,20
ashamed,1
background,2
themselves,9
scene,5
finale,2
cats,3
literally,23
supporting,9
winning,3
donate,2
swear,8
kylie's,2
niece,2
stand,20
lmaoo,2
complaining,2
100%,3
niggas,27
ghost,3
em,8
styles,6
pulling,2
winter,2
mxm,2
dreams,8
family,23
portfolio,2
pm,5
improve,4
beauty,5
national,9
cares,8
saves,2
ants,2
ip,2
proudly,2
slay,3
smile,10
private,8
hello,10
shot,9
include,4
aware,3
expensive,4
(radio,2
welcome,12
tweeted,4
mode,3
dogs,6
art,12
sit,11
biggest,12
fantastic,5
law,15
shell,2
respect,17
spectacular,2
hilarious,2
build,14
bitches,12
holiday,4
care,58
modi,3
tower,2
mooch,2
ali,2
self,9
comment,3
ima,9
hate,53
cos,3
link,12
protect,13
closing,3
guy,28
society,6
hair,15
goes,18
jdu,3
luckiest,4
rn,19
photos,10
american,2
yo,17
school,17
duo,2
era,2
engaged,4
ryan,4
original,3
agree,13
trouble,7
semester,3
leaks,3
mos,3
economic,1
concerns,1
1938428473,1
pottermore,1
sorting,1
combo,1
exclusively,1
[article/comments],1
folks,14
cane,1
pretending,1
forgetting,1
pan,1
response,5
allegedly,2
declare,1
bankruptcy,1
debated,1
appreciate,14
footage,1
chew,1
kyungsoo,1
kokobop,1
fanchant,1
esp,1
reminded,1
sploosh,1
foggy,1
disturb,1
oz,2
tickets#gold1043,1
yyt,3
outdid,1
partida,1
prep,1
ones,9
browse,1
peep,1
hahshshdhs,1
hand,8
&gt,13
mr_abbasii,1
jigr,1
hukamkaikka,1
ang,6
"others,are",1
wind,6
wings,14
drown,1
left,26
tight,4
office,6
idea,11
virgo,1
investigators,1
observant,1
alternative,1
drops,1
fancy,1
(skips,1
gallops,1
trots,1
et,1
cetera},1
unhappiest,1
airdate,1
billy,1
connolly,1
subscribe,4
degrees,3
service,18
cums,1
studios,2
brings,2
wizarding,2
test,5
lang,2
sent,4
launch,9
25,5
album,12
chocolate,3
hold,5
crisis,6
god's,3
card,3
nasa,4
hour,5
fans,12
classic,5
shd,3
maine,4
netflix,5
gocheok,3
they're,20
mile,3
yourself,37
top,18
city,13
couple,5
ac,3
average,2
blessing,9
rights,20
late,11
throwing,2
matter,15
proud,18
called,15
applied,3
lovin,2
fight,28
artist,12
suffer,3
movies,4
blow,7
youtube,9
ride,8
tour,22
december,3
financial,5
vibe,3
lgbt,5
aren't,15
pizza,5
reading,13
universal,3
daddy,7
september,2
58,2
partner,4
should've,3
muslim,5
drop,8
bye,12
and/or,2
responds,4
visuals,2
player,11
post,16
potter,3
hear,19
war,11
auto,4
officer's,2
walks,2
pay,11
size,6
shirts,2
silence,8
infinite,2
bts,18
seriously,9
quick,10
100,5
homophobic,2
bus,3
amen,5
mix,3
lowest,2
suspended,2
refuse,3
laugh,10
170727,3
celebration,3
cm,7
ahs,2
thrown,3
lolololol,1
pattana,1
clinic,1
wang,1
thonglang,1
bangkok,1
backwards,1
organically,1
veggies,1
appreciated,1
(insight,1
tch,1
double,5
robbed,1
krugersdorp,1
careful,1
withdrawing,2
disabled,2
feed,3
acronym,2
wit,5
nikelab,1
sp,1
naps,3
triggered,1
harris,1
assists,1
medal,1
quarterfinals,1
necessarily,1
yixing's,1
lipstick,1
chateau,1
wainbit,1
colour,1
brendons,1
face...i'm,1
af,17
claire's,1
sleeping,4
austin's,1
coaching,1
eddie,1
"10,000",1
$39,1
uplifted,1
jbj,3
smell,4
legends,3
d-5,1
bros,1
d-7,1
workout,1
d-11,1
d-45,1
carry,7
nominee,1
partying,1
goldfingeeer,1
midas,1
spider's,1
beckons,1
offends,2
instead,7
political,6
deep,6
introducing,2
slap,2
tweet,26
sisters,5
bastard,2
play,31
rest,14
soooo,2
youre,4
tried,7
cash,4
ring,9
20,6
light,18
2019,2
king,9
sounds,9
$9,4
samuel,2
customer,2
force,7
hits,4
announcement,3
guess,18
meaning,7
pops,2
grown,6
ocean,8
earlier,2
sticker,2
opinion,3
reach,11
mars,3
cry,14
bank,7
mention,3
u.s,8
tough,4
kim,3
shines,2
running,8
devils,2
experience,6
multiple,8
gay,9
downtown,2
wasn't,13
parent,4
(1/2,2
finger,2
content,8
uk,4
we'd,3
worry,5
secrets,4
searching,4
emoji,2
funny,17
basketball,3
amazing,24
gospel,2
bitching,2
cant,15
son,9
walked,2
perspective,4
dumbass,6
debut,7
center,3
edition,2
rookie,2
iphone,6
ago,13
ireland...i'm,2
americas,3
pos,2
children,8
traveling,2
hide,2
dc,4
medical,8
appeal,4
weekend,5
worst,13
swim,3
completely,7
streaming,4
catch,7
products,4
dms,5
quality,14
4-12,1
sneaker,1
mall,1
brightest,1
souls,1
weddings,1
foreigners,1
uski,1
jewelry,1
nakli,1
lag,1
rahi,1
hai,1
shampoo,1
commercial,1
hillary's,1
exposes,1
gregs,1
si,3
position,3
glasgow,1
foxconn,1
investing,1
$10,1
13k,1
layout,1
rethread,1
grabe,1
matti,1
hahahaha,1
khidkitod,1
khoobsurat,1
epi,1
awosme,1
today?.i,1
#wednesdaywisdom,1
periods,1
loook,7
fijiaftersex,7
trailer,2
radiation,1
neva,2
balanced,6
knocking,1
gusta,1
pensar,1
ser,1
refleja,1
canciones,1
shadow,1
puppets,1
cage,1
challenging,1
deck,7
telegram,7
historical,1
humiliated,1
historian,1
porn,7
sobrang,1
talaga,1
scream,2
neon,1
burned,1
rebuilt,1
fellow,1
pregnant,4
sara,1
polls,1
jahan,1
puns,1
screening,1
whoa,1
alarmaaaaa,1
gomez,4
europeans,1
religious,1
prescriptions,1
fashion,2
dance,5
weeknd,4
petition,2
issue,3
lives,12
dollars,3
jus,4
calm,4
individual,3
silly,3
enjoy,12
terrifying,2
meditate,3
selena,4
finna,5
solution,2
claims,2
safety,4
remind,5
land,2
arctic,2
vids,3
billion,8
pussy,9
deserves,6
regularly.catch,3
comes,13
generation,3
almighty,4
favourite,6
learning,7
religion,3
entirely,2
putting,16
solange,2
america,15
escape,4
updated,2
de,8
college,27
incident,2
clip,8
elevator,2
reassurance,5
beautiful,28
mom,15
mexicans,2
45,4
stans,2
loml,2
wisconsin,2
degree,23
public,11
edge,3
monkeys,2
titty,2
rich,6
book,10
stan,5
speaking,3
view,4
breathe,6
salsa,4
loved,16
church,3
created,3
potential,2
que,3
extremely,2
rare,6
bending,3
documentary,2
phone,19
mans,11
none,6
hotel,2
extra,6
bc,20
town,5
inaccurate,2
fix,7
ground,6
elephant,3
ill,5
steps,8
brought,6
mi,7
lazy,2
wow,45
accepted,3
leading,6
sign,8
upset,10
perky,2
mf,6
afraid,5
ronnie,1
discussion,3
grandparents,1
grandpa,1
wasserman,4
[and,1
mention],1
pathetic,2
decisions,5
ninth,1
schultz,1
chairwoman,1
yooooo,1
unbiblical,1
sovereignty,1
irlanda,1
buzzfeed,1
argued,1
civil,1
1964,1
button/,1
fingerprint,1
scaner,1
nicest,1
noona,1
shower,12
academics,1
fallen,1
germany,1
nostalgia,1
debate,3
thirty,1
dearest,1
kid,12
loudmouth,2
rinos,1
debbie,5
follows,2
calculating,1
weekly/monthly,1
finances,1
adulting,1
[tutorial/pls,1
lipton,1
proceed,1
zoom,1
boosie,1
speakers,1
colorful,1
hues,1
abundant,1
matching,1
durags,1
nails,1
vocabulary,1
program,6
absurd,1
genuine,5
hamburgers,1
waleed,1
theory,1
theoretical,1
owe,3
booom,1
2+2=4,1
2x2=4,1
3+3=6,1
3x3=9,1
aristotle,1
annyeong,2
bestest,1
goooood,1
cyanide,1
taped,1
b4,1
aired,1
onnat,1
stops,1
*shot*,1
zimbabwe,1
cop,2
needa,1
dye,1
(donghyun,1
hard,38
fa,1
co-sponsor,1
improved,1
travelling,1
doesnt,4
radio,7
jersey,2
intimidating,2
rude,8
pitch,2
smoke,3
layup,2
welcomes,2
stuff,14
lots,5
genders,2
shorts,2
countries,2
bite,4
angels,2
nah,13
80s,2
golden,4
hearts,2
following,8
wins,4
constantly,4
pic,11
hitting,2
remains,3
hope,40
payer,2
bought,5
retweet,15
gullible,2
pretty,53
model,3
hr,7
melon,3
value,4
hands,10
kanye,2
watched,10
german,3
ilysm,2
manila,4
slang,2
unexpected,2
shore,9
thankful,4
joke,3
require,25
gifts,2
donated,2
investment,2
minutes,10
letter,3
pocket,2
doj,2
roll,4
democratic,2
female,10
mccain,7
charge,10
eu,4
dangerous,7
bum,2
john,7
advantage,5
15,5
glad,8
event,5
placed,2
employee,3
interview,4
wide,2
sun,6
floor,5
drink,4
mary,5
wishing,3
weed,3
spending,6
focus,5
lil,13
festival,3
divine,3
30,3
tho,14
fun,27
habit,5
fill,3
catapult,1
cubs,1
rod,1
sims,1
consumer,1
barry,2
beginning,3
exo's,1
cb,1
roundest,1
peeps,1
childlike,1
sinnnnn,1
(rt,1
ringleader,1
who?e,1
meat,5
zach,1
care-free,1
energetic,1
lwa,1
chamber,1
shaping,1
neat,1
rpg,1
beat-em-up,1
portably,1
lonzo,1
swingman,1
alaska,1
rev,1
milton,1
brunson,1
thompson,1
singers,1
whatsoever,1
tests,1
endure,1
retaliate,1
rappers,1
rise,6
rumor,3
diamond,1
picky,1
libras,1
shiiiiitttttt,1
other's,1
overcast,1
vote,23
golfing,1
greats,1
owners.....the,1
wears,2
labeled,1
gotten,6
natalie,1
wisdom,1
removed,1
hmmmm,1
traitor,1
washington,1
(john,1
theme,3
fingers,2
spotlights,1
jk's,1
symbolizing,1
bcause,1
hyungs,1
impact,1
trends,1
apac,1
cisco,1
vni,1
register,1
2018,1
prosper,1
panicking,1
mini-rant,3
mad,22
curved,1
blaring,1
marvins,1
krks,1
senses,1
teller,1
robin,1
dabank,1
australian,3
@addison_russell,1
homers,1
bullpen,1
spot,14
quote,7
snsd,4
giants,5
voting,9
ball,16
thats,9
learn,16
russian,2
rashtra,2
constructive,3
dislike,2
finals,2
fish,3
stealing,3
competition,7
explain,10
nba,2
stunts,3
bt,3
participate,2
violence,4
nada,2
entrance,3
2015,2
begin,2
elections,2
permanent,25
cali,2
action,8
passed,4
birth,5
chief,8
break,14
playing,15
mistakes,6
taeyang,2
india,11
tells,8
including,5
rumors,2
gut,2
poor,4
objective,2
exciting,5
contest,2
aces,2
what's,21
twins,6
pakistan,2
sort,2
hindu,3
pt,3
wall,9
commission,2
knowing,4
website,4
reason,21
carol,12
booty,2
walk-off,5
shits,2
bored,6
(for,4
canada,11
1k,2
posts,3
maine's,2
tattoos,13
traffic,4
crossed,4
sweet,5
kershaw,2
main,4
key,7
twice,5
chart,5
growth,2
realized,10
galing,4
community,21
commander,7
saturday,7
claimed,4
suck,10
8-3,1
bumped,1
raymond,1
07/28/2017,1
09:30,1
philli,1
atlanta,1
ga,1
way.it,1
distinguish,1
everything's,1
papa,1
caribbean,1
airlines,1
hooooooooly,1
flavor,1
valerian,1
values,1
materials,1
toolkit,1
unleash,1
tidal,1
wave,1
trumpcare,1
graphics,1
q1,1
blows,1
fckin,1
mir,1
jafar,1
legendry,1
genral,1
paved,1
brits,1
bihari,1
feeding,2
payday,1
madness,1
harness,1
buffon,1
dybala,1
paulo,1
juve,2
aka,3
experimental,1
treatments,1
quoting,1
lmfaooooooo,1
ahhh,1
pleases,1
whoop-ass,1
songs,9
adorable,1
barca,2
janella,1
salvador,1
elmo,1
magalona,1
thrills,1
july29,1
ricoh,1
coliseum.for,1
believer,1
fatima,1
haey,1
schizophrenia,1
disorder,1
fantasize,1
inevitable,1
hehe,1
jdkshdb,1
smores,2
misguided,1
militarytransgenderban,1
warning,1
africans,1
capable,1
becuase,1
brainwashed,1
mfka,1
swing,1
congrats,7
asss,2
reparations,2
gravitate,2
bit,11
probably,14
11,5
stream,6
bring,15
senator,2
qs,2
fur,3
ourselves,2
expecting,2
meaningful,2
frustrated,2
pop,11
9th,2
guest,3
embarrassed,2
dna,2
girls,24
fire,12
snack,5
man's,2
expectation,2
priority,4
verse,3
vintage,4
10th,3
moral,3
coffee,3
joins,3
code,6
2319,2
alley,2
murkowski,6
exclusive,6
profile,2
realest,4
invested,2
red,11
list,9
minute,8
2-pack,3
twin,3
whatever,6
emotionally,5
sensitive,2
eventually,5
extend,2
sending,5
funnier,5
drake,7
peaks,3
beyonce,2
shown,4
whoever,5
brain,3
pressure,2
lisa,2
considered,4
won't,23
absolutely,3
development,4
alright,4
normal,5
everyone's,2
line,9
lose,11
darkness,2
launches,2
entire,10
changing,3
throw,13
people's,6
(2007,2
oj,2
mayo,2
throws,3
backboard,2
3-point,2
ko,5
distraction,2
athletes,4
difference,4
oil,3
andy,5
unless,5
sir,8
beat,21
risking,2
williams,8
mental,10
cancelled,3
swayed,1
sparks,1
outrage,1
confusion,1
zenyatta,1
outcome,2
5-run,1
regulate,1
pleasure,1
suzy,1
ya,15
endorser,1
shout,1
colours,3
helped,1
hang,2
non-binary,2
titles,1
tb,1
(the,1
pit,2
tits,1
requirement,1
empresses,1
jumped,1
onto,1
jooheon,1
kihyun's,1
beatbox,1
shownu,1
intros,2
potting,1
toddles,1
wrote,6
esso-bhp,1
billiton,1
summary,1
block,8
deletes,1
enjoyed,1
215,1
pre-sale,1
rocking,1
stunner,1
returned,1
promptly,1
angelo,1
bound,1
marcus,1
pending,1
gosh,1
harm,1
prediction,1
"year,but",1
"trump,proves",1
jai,2
hind,2
ki,1
sena,1
stopx,1
laughig,1
pumpkin,1
1d,2
goodnight,3
tl,1
club's,1
trapped-in-the-closet,1
asses,1
"no,eye",1
yet...im,1
hardheaded,1
hypocrisy,1
13th,1
2013,1
bb&amp;t,1
nosebleeds,1
gallery,1
welp,1
+,11
fault,2
danicing,1
jong-un,1
spare,1
nuclear,1
strike,1
garden,4
prices,3
reached,2
felony,2
agreement,3
50,3
wassup,3
low,10
moods,2
haters,2
marks,3
gas,2
stopped,4
amount,4
brethren,2
looked,5
fj,2
class,7
orleans,2
truly,9
liking,7
building,5
north,13
transphobia,7
healthy,3
shades,2
nudes,4
direction,4
brave,3
listening,2
cream,3
spread,6
victims,3
pray,6
feat.me,2
ovation,2
announced,3
forward,8
(ex.twenty4-7,2
loud,3
types,2
bear,2
charity,3
lesson,3
suddenly,5
millions,2
representing,2
korea,10
trump's,6
limit,3
sanctions,2
gwapo,2
beg,2
starting,12
calling,6
beyond,5
silk,2
neither,7
4:00,2
hail,2
sold,5
lmfaooo,2
keeping,5
body,14
disagree,5
seeing,6
bro,11
woke,6
spotify,3
moving,4
helps,2
mentioned,3
form,6
adult,2
standing,4
170724,2
popped,3
=,5
tweets,11
ban,15
laid,3
meng,3
ahaha,3
prince,3
sexual,4
doll,2
finally,15
russia,3
walking,10
president's,7
boyfriend,13
setback,1
tighter,1
th,1
requesting,1
discuss,1
gates/herman/williams,1
inst,1
(2014,1
15k,1
prob,1
ebola,1
promo,4
admin,1
approved,1
cia,1
assets,1
brennan,1
chanakya,1
21st,1
century,1
ask.fm,1
tremor,1
cakewalk,1
ultra,1
3.0,1
zebra,1
centrix,1
mutuals,2
surprised,1
boarding,1
anaheim,1
packing,1
recording/mixing/mastering,1
fall,15
ariana,1
ignoring,1
sth,1
sunny,1
bears,1
picnic,1
7:30pm,1
goddamn,1
rat,1
voids,1
short,7
jonah,1
experienced,1
disobedience,1
helping,1
temecula,1
stampede,1
resist,1
jk,3
storm,5
kumar,4
clothing,2
anti-transgender,1
transformed,1
host,1
outta,5
camilizers,1
200x,1
engineer,3
courage,8
bummed,1
backlash,1
byul,1
wheein,1
kisses,2
indoors,2
jackie,1
hyde,1
cost,3
oc,1
backstory,1
hoodie,2
[pecks,1
jk],1
blue,4
[passionately,1
french,1
jin],1
talinda,1
(w/,1
disgusting,1
households,1
weekly,1
election,6
grew,2
dicks,3
l's,2
dont,42
reality,4
study,2
warm,3
basis,3
testing,2
accurate,2
worldwide,2
unlike,2
fold,5
advance,3
half,10
houses,5
panic,3
soribada,5
beach,7
shook,8
sonic,2
dropping,2
minki,3
eyelash,8
brand,6
oath,3
india's,2
bread,3
gym,4
ship,4
grateful,9
crush,10
share,12
mic,2
won,10
teddy,2
brownies,2
obstruct,3
retweets,2
march,2
worship,4
yay,6
hixtape,2
justice,10
served,6
sucks,3
awan,5
r&amp;b,2
waters,3
apologize,4
clean,13
ten,5
level,4
heck,2
coat,2
kyrie,4
bathroom,6
recording,4
donald,13
gain,3
band,3
nigeria,2
clothes,9
villain,2
rewash,5
till,6
ivanka,4
rand,2
insecure,2
regarding,3
takes,14
joonhyung,3
leaves,2
towards,4
circle,7
tonight,26
trending,2
africa,2
return,4
trade,5
paddle,3
scientist,3
1st,5
shouldn't,22
hungry,7
media,8
throwback,5
minister,3
basis...are,1
rice,1
gshgfs,1
slayed,1
frustrating,1
oakland,1
nahh,1
pomf,2
kimochi,1
sticky,1
thee,1
fox,2
ft,9
vows,1
parking,1
dispute,1
phrenic,1
nerve,1
complication,1
chiropractic,1
manipulation,1
defending,1
ave,1
(7/30,1
grapes,1
alone.mental,1
samberg,1
realizes,1
didnt,6
(h/t,1
butternut,1
repeated,1
hyouka,1
notes,1
direction's,1
depend,1
useful,1
streaks,1
lyft,1
tesla,1
queso,1
prejudice,1
accepting,1
seasons,1
fwy,1
sag,1
trot,1
sean,2
spicer,2
nearby,1
receipt,2
breakdown,2
&lt;the,1
playboy,1
saliva,1
precum,1
overthink,1
2040,1
formula,1
emma,1
spanking,1
critical,1
wwe's,1
comfortable,4
statement,1
rants,1
lgbtqia,1
bronzed,1
citizens,1
undertaking,1
prophets,1
confrontation,1
(official,1
lewat,1
kaws,1
moesha,2
jungkook,1
duck,1
pref,1
chisme,2
anytime,1
(7,1
tenth,1
male-to-female,1
threatens,2
monthsary,1
snapchat,7
olympics,2
logic,3
freak,2
collection,3
bills,6
fly,7
rihanna,3
1%,3
date,16
presidents,3
director,5
chicago,3
communication,3
booking,2
vent,2
eva,2
pace,2
chips,2
singing,2
defend,5
cars,2
ice,7
stars,3
panties,2
bighit,3
racism,2
emotional,3
animation,2
severe,2
frfr,2
dancing,7
role,3
mission,5
proves,2
praying,5
neck,2
babies,3
planet,5
cock,3
4th,2
gigs,2
space,17
diaries,2
logical,3
gone,18
roberts,2
fries,8
taxi,2
argument,4
ignore,2
article,6
allowed,5
struggling,3
(,11
followed,5
matters,6
finished,6
success,10
sister,6
injury,2
supposed,8
namjoon,3
wet,3
feelings,8
plan,6
pretend,7
kissed,3
letters,6
uber,5
w|,2
jimin,5
accident,6
freedom,4
obligations,3
willing,3
award,9
exist,5
phenomenal,2
resistance,3
swearing,3
past,18
tryna,14
blood,8
jordan,5
girlfriends,3
parkers,2
eve,2
martin,3
classified,3
malik,1
va,1
kristine,1
overly,1
turbo,1
whooped,1
organisation,1
europe's,1
champion,1
warfighter,1
whatbthe,1
fuckxkdjdjxkcj,1
jx,1
valverde,1
ik,1
implications,1
%,1
attempted,1
suicides,1
minorities,1
lower,1
aimim,1
barrister,1
asaduddin,1
owaisi,1
speaks,1
mob,1
protest,1
girl...bro,1
ras,1
astor,1
chairman,1
reggae,1
haircut,1
eatmy,1
cookie,1
ole,1
joaquin,1
kev,1
theyre,1
30m,1
views,1
door,1
laminectomy,1
lumbar,1
spine,1
stenosis,1
mar,1
mistaken,1
dictionaries,1
hesitate,1
wen,1
slide,1
passengers,1
fairground,1
soni,1
monsters,1
encounters,1
koga,1
indefensible,1
deny,1
who've,1
risked,1
politically,1
problematic,1
90's,1
boom,1
bap,1
hop,1
instrumental,1
trees,1
(prod,1
outspoken,1
snippet,1
screams,1
counter,1
chuck,1
omggg,1
sans,2
undertale,2
self-support,1
kushner,1
kislyak,1
draw,3
rly,1
yikes,1
infront,1
vehicle,1
reacting,1
tanner,1
fox's,1
(he,1
roasted,1
expose,2
pochi,1
/,13
phenomenon,1
breakthrough,1
ohio,2
pour,1
electrical,1
manus,2
weird,7
lgbt+,6
write,3
prepared,2
armed,4
couldnt,2
speak,14
rally,3
volcano,5
pink,2
hamas,2
yoongi,5
loving,4
lied,5
glass,5
gf,4
regularly,6
gov,2
neymar,2
founder,2
governments,2
muscle,2
transponder,4
grill,2
heats,2
solve,2
walk,12
board,3
soft,3
meeting,5
assure,2
meditation,4
brother,8
slow,6
continuously,3
court,5
bacon,2
hip,2
palm,2
added,14
fw,5
sea,7
wilson,2
snail,4
courts,2
stress,4
millennial,5
sneak,3
anti,2
sounding,2
fusion,2
healthcare,6
disrespect,5
strategy,2
automatic,2
lmao,26
japanese,3
guards,2
manhandling,2
barcelona,5
soda,3
costs,4
bible,3
smart,10
camp,5
declared,4
written,2
usa,4
shut,3
senior,6
cheese,4
front,6
playlist,9
create,6
involved,5
14,3
found,14
4-year-old,1
wedding,1
weekend.....i,1
fyi,1
flw/rt,1
sandwich,1
23:59,1
replay,1
buddies,1
vma,1
drugs,1
peeping,1
guarantee,1
flew,1
teaching,1
wrongs,1
"war,and",1
charter,1
tailor,1
guptas,1
fc,1
manchester,1
exit,2
choices,1
cair/muslim,1
brotherhood,1
investigated,1
sharia,1
bff,1
counseling,1
uncap,1
[,6
chit,1
intense,1
urself,1
interacting,1
minds,1
production,1
email,2
outstandingly,1
commonwealth,1
youth,4
bahamas,1
gutless,1
feckless,1
sell-out,1
scheming,1
counted,1
unable,3
regret,4
medium,1
confirmation,1
clarification,1
62,1
63,1
advanced,1
backbone,1
crop,1
betting,1
tiwonge,1
unsettles,1
cistem,1
13,3
mcgregor,1
mayweather,1
futsal,1
professional,1
smoak,1
ahahaha,1
3:3,1
behold,1
bits,1
horses,1
mouths,1
obey,1
permanently,2
pv,1
picks,6
watergate,1
prosecutor,1
wine-banks,1
dissect,1
absurdity,1
kushner's,1
alibis,1
tease,1
seek,2
niti,1
controversial,1
ghulaam,1
subtext,1
distract,1
answering,1
borderline,1
invasive,1
hangout,1
coladas,1
ladies,5
questions,4
huckabee,2
access,3
search,2
temporarily,2
victim,5
reminder,4
paid,6
cause,37
ont,3
maker,2
tides,2
slice,6
jill,2
cheating,3
strangers,2
mining,2
talks,7
concerning,2
october,6
parents,6
football,4
fearing,7
dark,10
kick,6
depression,7
obnoxious,3
envy,2
league,5
cutest,5
whatchu,2
festive,2
aye,4
click,4
dealing,2
bout,6
blind,3
colored,4
wyd,3
starbucks,3
cups,4
blame,2
taylor,3
version,2
repost,3
you....that's,2
tacos,4
major,3
nice,28
lips,2
w/,9
gatorade,3
yesterday,9
entertainment,4
worse,7
snaps,2
remembers,2
thursday,7
mama,3
haunted,3
jam,2
former,5
watered,2
hurry,3
sarah,5
alarm,5
store,6
yt,2
existence,3
sweetest,3
spirit,5
james,8
heads,5
finishing,2
touches,2
dad,25
quit,15
reaction,13
months,10
dookiie,1
6'3,1
ucla,1
madeleine,1
gates,1
dunked,1
volleyball,2
63%,1
wks,1
2x,1
sanitizing,1
direct,1
standard,2
curb,1
stompin,1
site,1
engraved,1
she'd,1
lego,1
psvita,1
hahaaha,1
sial,1
accout,1
tweets.much,1
marking,1
safer,1
jay-z's,1
444,1
revelation,1
13:16-18,1
continent,1
magic,1
49,1
unbelievable,1
unaccountable,1
bureaucrats,1
lover,1
cauliflower,2
statue,1
liberty,1
dunderhead,1
cruelest,1
wake,16
homeless,1
pensioners,1
tolerable,1
sicker,1
bloc,1
pft,1
african,1
recover,1
wagging,1
hmm,1
anecdote,1
favors,2
ministers,1
migration,1
triathlon,1
usual,1
strength,2
libertard,1
situation,7
vests,1
harmed,1
dior,1
glow,1
lilac,1
brow,1
chalk,1
(espanol,1
commit,3
taoyuan,1
taiwan,1
decade,4
world....the,1
alas,1
senbura,1
sooner,1
eleanor,1
roosevelt,1
chef,1
fifth,1
wondering,6
thirsty,1
%%,1
skype,1
dommes*,1
reported,1
omw,1
katex_model,1
(on,1
insta,1
latex,1
vlog,1
latexfashiontv,1
rubber,1
wardrobe,1
darla,1
fired,1
effort,11
purpose,1
psn,2
elemental,1
tee,2
drained,1
taxpayer,3
east,4
&lt,2
busy,5
age,6
supeeeer,2
filming,3
limp,2
online,15
emotions,3
figured,2
crimes,5
harmony,2
spoiled,3
shawn,3
killing,3
nhs,2
hypocrite,2
michelle,2
missed,5
allah,5
troops,4
demand,4
note,4
americans,9
braid,2
tutorial,4
brace,2
gorgeous,2
shark,3
training,3
cheat,4
hawaii,3
stupidest,2
dramatic,2
verge,2
patient,4
record,6
answer,6
loaded,2
government,14
lip,3
sharks,2
trumps,7
rose,2
fighting,10
randomly,3
english,5
safest,3
shady,2
feels,3
page,2
ra,2
17,6
spanish,4
address,2
arena,2
teacher,3
memory,4
golf,4
impossible,3
languages,2
cc,3
facebook,7
decide,4
kpop,2
illness,2
run,7
reminds,2
sell,4
incompetent,4
due,3
asleep,6
evidence,4
iraqi,1
sand,1
high-paying,22
omitted,1
*belated*,1
jammer,1
mense,1
exodus,1
bere,1
kewu....shey,1
shepe,1
eyin,1
yi,1
novel,2
screen,1
embarrass,1
a-holes,1
ahmad,1
noorani,1
ego,1
smartest,1
fact-myself,1
reby,1
$2500,1
deletion,1
tna,1
guruji,1
sss,1
scoops,1
utd,1
wept,1
grandmother's,1
gtfoh,1
@senalexander,1
@senatorcollins,1
@sendeanheller,1
@senjohnmccain,1
brian,1
apologetic,1
reflected,1
apologizes,1
tommorow,1
mart,1
comprehensive,1
memorize,1
massage,1
kashmiri,1
wiped,1
supported,1
everett,1
dbs,1
lbs,1
darnell,1
(except,1
manifesting,1
contentness,1
yoohoo,1
actuality,1
ancient,1
freed,1
dutch,1
employees,1
(thankyou,1
sabrina,1
transphobic,1
frick,1
student,2
re-tweet,1
enter.winner,1
"1st,the",1
electroswing,1
||,1
annella,1
bass,1
demon,2
*eaa,1
sayangkuu,1
*telat,1
attitude,1
allah's,1
mercy,1
consternation,1
survived,1
intensity,1
way.....thank,1
5k,1
refund,1
bullet,1
emulsionadd,1
window,1
@sencapito,2
vid,7
(yes,1
hyojung,1
2pm,1
taecyeon,1
enlistment,1
enlist,1
75%,1
linked,1
euthanasia,1
opposed,1
spark,1
litigation,1
bunkbeds,1
snuggle,1
indeed,4
allows,5
mcflip,2
lonely,4
supporter,3
illnesses,2
copy,2
celebrate,8
joining,2
attempt,2
jobs,26
info,7
cool,10
laughing,11
aug,4
waking,5
strawberry,3
region,2
waltz,2
birthmonth,2
toxic,2
veteran,4
tat,2
jeff,2
beats,4
serena,5
iconic,7
genius,2
amaziiiiing,2
tatay,2
fair,3
company,4
transfer,2
raiders,2
aside,4
prize,3
zero,2
cell,2
5days,2
idiot,2
zendaya,2
lmaooo,2
creating,2
string,2
crowd,6
$500,2
tune,3
offer,2
interior,4
gop,9
writer,3
visit,5
records,3
jskdkdldjdjdn,3
jokes,5
accidentally,2
sleeve,2
fuckin,6
motion,2
earth,9
beans,3
muslims,4
everyday,7
visual,5
dick,11
roast,3
surprise,10
ms,3
silent,6
msg,3
2nd,5
riverdale,4
craft,1
gin,1
perch,1
brewing,1
batches,1
ws,1
rings,1
teething,1
[wings,1
episode:iii],1
clayton,1
bobblehead,1
hahahahaha,1
humble,1
molded,1
sudden,1
dat,3
guaranteed,1
mann,1
non-stressful,1
environment,1
somebody's,1
house-party,1
settlers,1
occupied,1
hebron,1
illegally,1
occupying,1
assistance,1
mummy,1
(6:19,1
goldsmith,1
savings,1
hye,1
20ml,1
spray,1
perfume,2
raps,1
accent,1
epic,1
up10tion,1
parked,1
jamming,1
investor-turned-food,1
spiced,1
chillis,1
outlets,1
turnaround,1
stressing,1
it'v,1
ideal,1
substitute,1
pertaining,1
column,1
multan,1
rape,1
screw,1
testify,1
txtn,1
neighbourhood,1
deprived,1
narrow,1
peoples,1
tinder,1
bios,1
standout,1
scotiabank,1
tix,1
kokodrop,1
presidency,1
sided,1
pissed,2
crew,2
hounded,1
awful,3
chews,1
faster,1
potm,1
liars,1
animal,1
fox-coyote,1
asa,1
consider,1
rps,1
lotsta,1
splatting,1
blech,1
despair,1
uploaded,1
files,1
corrupted,1
flu,1
crippled,1
ako,1
"sabado,sorry",1
"choose,solid",1
maichard,1
ako.i,1
despite,2
under-graduate,1
chiropractors,1
rebuttal,2
fridge,3
audio,3
owner,5
drinking,5
bullshit,8
nope,2
entrepreneur,3
mini,2
silver,2
west,4
orange,2
gov't,2
studies,2
tbh,11
dog's,4
google,2
daughter,2
fandom,3
stability,2
street,11
split,2
eating,8
jerry,2
crave,3
alert,2
mar-a-lago,2
attractive,3
selling,8
treat,4
sc,3
yrs,4
creator,2
dry,2
annoying,8
incredible,3
mate,3
penis,2
plug,2
lowkey,2
na,12
trilogy,4
babe,4
cook,5
jury,2
hybrid,3
korean,6
caught,17
dare,5
faith,5
would've,6
flow,3
goals,5
351,2
soldiers,5
notice,4
pure,9
insulted,2
(so,2
schedule,2
repealing,2
lead,7
aau,2
coach,6
vacation,3
moved,6
entertaining,3
trips,6
israeli,2
palestinian,3
stole,6
london,5
tf,8
theres,6
challenges,3
pull,6
who'd,1
ake,2
respecting,2
desserts,1
dinners,1
camera,3
fruit,1
wuut,1
gaming,1
idealized,1
posts-its,1
k&amp;m,1
straight...i,1
impeach,2
congratulations,4
bella's,1
fund,1
punish,1
swap,1
fan-art,1
army's,1
confess,1
jayne,1
langley,1
multivitamin,1
flats,1
"baby,i'll",1
rug,1
bergkamp,1
brilliance,1
mere,1
returns,1
xiumin,1
highlight,1
yong,1
junhyung,1
confirmed,1
blankets,1
airs,1
xercise,1
gradually,5
nicely,1
ir,1
hooking,1
trigger,1
artsy,1
ideas,1
insidious,1
bestie,1
krash,1
dummy,1
colossal#21297,1
hearthstone,1
uuuu,1
gigi,1
everyones,1
trendsetter,1
alotta,1
lmaooooooooooo,1
"2,800,000",1
$clka,1
"3,000,000",1
shares,2
smollest,1
communist,1
reads,1
lenin,1
anti-communist,1
marx,2
pile,1
klobuchar,1
trump-sessions,1
becoming,5
underneath,2
sok,1
2na,1
30k,1
atk,1
douchbag,1
dimwit,1
am...in,1
entitled,1
words,11
humam,1
you'd,4
martina,1
mcbride,1
nude,1
dept,4
versions,1
motivating,1
tape-no,1
waiting-nintendo,1
nticipate,1
tay,1
hydrated,1
existed,1
trinity,1
referring,1
lung/throat,1
fixing,1
rifles,1
selections,1
common,1
him..he,1
trnsmt,1
protects,1
inclusive,1
doin,2
glen,1
gf/bf/bff,2
wont,3
sen,5
bat,13
understands,2
dating,5
mid,2
david,2
afford,5
artists,7
ron,2
mixed,3
raising,3
option,2
rarely,2
hates,3
daniel,3
pounding,3
coast,4
shake,2
thx,4
regardless,4
22,6
productive,2
(not,2
toast,4
spend,3
cried,9
isnt,3
budget,13
naked,5
rumour,2
cretinous,2
humans,3
bully,4
hate-mongering,2
period,4
og,3
mine,9
harrrddd,3
eatbulaga1979,3
igs,5
smiles,3
social,5
measure,2
ed,3
bright,5
1996,2
convict,2
remove,2
prosecute,3
sexuality,2
goal,4
thread,11
jamie,4
call,33
zorpads,2
meeeeeeengggg,3
vs,10
shoe,2
inserts,2
jimmy,4
russell,3
honest,5
achieved,2
looks,9
basic,8
kd,1
lamelo,5
bra,1
hg,1
jadineliveinlegazpi,1
ethan,1
sana,6
pokemon,1
lp,1
video's,1
yea,1
inner,1
recruiters,1
tricked,1
vacuum,1
pro,1
gun,1
weapons,1
awan's,1
lawyer,1
pizzagate,1
context,1
massive,1
psycho,1
truths,1
despised,1
policies,1
wld,1
irritated,1
"80,000",1
(myself,1
included,1
workplace,1
heaven,1
puppy,1
influential,1
bruce,1
lee,1
aint,1
popping,1
personality,1
eashl,1
3v3,1
10-9,1
2ot,1
mazie,1
hirono,1
rallies,1
embarrassing,1
waterbed,1
drifted,1
infested,1
norman,1
relate,1
hgtv,1
napping,1
comforting,1
shmurda,1
sacrificed,1
chris,1
aplastic,1
anemia,1
marrow,1
cure,1
*a,1
taken*,1
intersectional,1
*cracks,1
knuckles*,1
pastel,1
wool,1
easily,4
academia,1
cranking,1
libtards,1
grrrrrr,1
rosa,1
resurrected,1
pokot,1
county,1
kenya,1
jessica,1
(sped,1
vixenz,1
thrilling,1
punched,1
listing,1
(above,1
$,1
whining,1
ruling,1
millionaire,1
donor,2
landmark,1
ooh-ahh,1
pail,1
rivers,1
rodham,1
destroy,1
iceberg,1
illuminating,1
limiting,1
(from,1
income,1
nothin,2
threaten,3
chasing,3
steve,5
thousands,3
culture,7
bag,2
battle,2
tyler,5
memories,2
cod,2
president,39
colita,3
lovely,4
fees,3
performed,4
shoot,6
taste,4
911,2
pentagon,2
rana,3
whats,2
excellence,5
warn,2
agent,2
talkin,2
arguing,5
cole,3
wise,2
2016,3
lacy,2
intel,2
tribunal,3
boss,3
feminist,2
translates,3
breach,2
suckin,2
beautifully,2
clinton,6
vacations,2
franks,2
hillary,6
colleagues,3
jones,7
aaaa,2
jack,2
fetch,2
christmas,3
train,3
patriotic,3
proved,2
buddy,3
mean,27
marginalized,2
primary,2
"15,000",8
pair,4
drowning,4
la,4
std,2
romans,2
ww2,2
offers,3
stick,4
hot,9
tale,2
wrap,5
boobs,2
bid,2
bobby,2
sm,4
soul,12
angel,8
doodle,3
shirt,3
citiez,1
lamar.(via,1
pardon,1
boooonk,1
krumholtz,1
winds,1
heh,1
mucho,1
savin,1
feather,1
sunglasses,1
tone,1
sinus,1
tachycardia,1
reunited,1
chaeyeon,1
scarlet,1
iu,1
jungle,1
bulaga,1
hence,1
irrelevant,1
inaction.this,1
shameful.need,1
immediate,1
hater,1
compilation,1
xiubaek,1
sandart,1
anniv,1
celebrity,1
u.k,1
cinematic,1
harry's,1
explaining,1
colluded,1
xyer,1
btw,1
exotic,1
dancer,1
deciding,1
praising,1
perry,1
adventure,1
dinosaurs,2
dinosaur,1
grudge,1
(2004,1
prevalent,1
agencies,1
hav,1
council,1
tomorrows,1
guests,1
dungeon,1
167,1
scrappy,1
doo,1
uneducated,1
appetite,1
bites,1
w/o,1
snatch,1
daesang,1
carter,1
single-payer,1
heize,1
dressing,1
luckily,1
apink,2
mother,8
pipkin,1
ambroise,1
wag,1
ka,1
kasi,1
mag,1
assume,1
naman,1
yells,1
gunna,1
highlighter,1
genbeauty,1
determined,2
forming,1
8th,1
boosting,2
spouting,1
hate.....remember,1
nodding,1
kaprekar's,1
constant,2
editing,1
four-eyed,1
feline,1
sheep,1
gooooooo,1
subscription,1
cus,1
strings,1
attached,1
hamilton,1
purred,1
measurement,1
compliance,1
auditions,1
1948,1
courageously,1
segregation,1
chanel,1
aggie,1
jim,1
regulation,3
tribute,4
rate,4
chase,2
promoting,4
chick,4
truman,2
economy,2
stare,2
shitty,4
resting,2
career,4
doctor,2
judge,2
tweeting,4
dipping,4
sauce,4
containers,4
simple,8
failure,2
situations,3
cartoons,2
gang,2
believed,2
kendrick,2
universe,4
tied,3
mystery,3
fil,4
bae,3
bathing,5
who's,13
boa,2
bih,2
tree,4
blog,4
approach,3
graphic,2
radiant,2
worthwhile,2
met,13
vital,2
bin,2
send,12
ya'll,2
banning,5
terrible,4
industry,4
buffoon,2
shutting,2
govt,4
giant,3
hurting,2
fear,4
waffle,5
armys,6
laden,2
meal,2
bottom,5
ex,2
wish,36
moments,4
favorite,11
lgbts,2
japan,5
weak,7
fb,3
thank,71
carrey's,1
incredibly,1
candid,1
howard,1
sterne,1
3rd,1
11a,1
5p,1
jane,2
thurs,2
70,2
ffxii,1
tza,1
sat,5
f13,1
tunnels,1
wherever/whenever,1
yemen,1
largest,1
humanitarian,1
caant,1
builder,1
failed,5
yr,1
mateo,1
percent,1
alief,1
assign,1
arguments,1
show...lmao,1
kdrama,1
morals,1
husband's,1
erectile,1
dysfunction,1
donna,1
contributing,1
unbelievably,1
wrong...all,1
divorce,1
slip,1
cowley,1
ub8,1
glazing,1
ggggggooooooooooooooooooooooooooooooooooooooodddddd,1
allll,1
whowhatwear,1
shops,1
bombing,1
nfl,1
brees,1
38,1
"5,208",1
yards,1
yeahhh,1
bosses,1
attract,1
buddha,1
oooh,1
starfish,1
bria's,1
interlude,1
gems,1
marie,1
shields,1
quote-nothing,1
dim,1
angelou,1
remembering,1
qb,2
gallantry,1
transform,1
men's,1
200m,1
medley,1
qualifiers,1
tonight's,1
amazed,1
comprehend,1
*created*,1
maine..so.proud,1
wei,1
chen,1
ai,1
cai,1
wan,1
zheng,1
fitria,1
halim,1
soldier,1
proportional,1
chaotic,1
back-to-school,1
necessities,1
imo,1
tc,1
pairings,1
rotate,1
gamble,1
agreed,1
drs,1
resilience,1
gujarat,2
overcome,1
adversity,1
ace,1
0:28.195,1
connection,1
stylish,1
majestic,1
jazeera,1
incite,1
temple,1
mount,1
flowed,1
sf,1
spontaneous,1
manuel,1
remmember,1
teaser,4
annnnddd,1
alaskans,2
@elliottyamin,1
naturally,2
smiling,5
28,2
un,2
define,2
admire,2
hoe,6
drag,3
manager,2
stretching,2
belongs,2
risk,3
someones,2
unamerican,2
mo,2
80,2
bieber,10
mess,7
stood,2
central,4
activism,2
semi,2
apply,4
smh,4
flower,2
drew,2
suits,2
super,10
virgin,2
global,2
protecting,3
ni,4
dem,3
threw,2
recommend,3
vocal,2
stock,2
example,2
wealth,2
dumb,14
somehow,3
iced,2
continues,3
maya,2
scale,2
dj,2
characters,2
row,6
accounts,8
afar,2
interrupt,2
greatness,2
threatening,3
fri,3
18,3
toilet,5
wcw,4
plans,6
honored,2
